endcap,station,ring,chamber,NSegments,xx,yy,zz,aa,bb,cc
1,1,1,1,None,0,0,0,0,0,0
1,1,1,2,35930,7.30E-07,0.000675517,0.01,2.30E-07,1.81E-07,4.95E-10
1,1,1,3,32811,9.72E-07,0.000609777,0.01,2.30E-07,1.81E-07,7.36E-10
1,1,1,4,35517,8.26E-07,0.00115146,0.01,2.30E-07,1.81E-07,5.12E-10
1,1,1,5,29664,1.15E-06,0.000604264,0.01,2.30E-07,1.81E-07,8.49E-10
1,1,1,6,31535,8.47E-07,0.000468956,0.01,2.30E-07,1.81E-07,5.58E-10
1,1,1,7,33887,9.39E-07,0.00121273,0.01,2.30E-07,1.81E-07,6.69E-10
1,1,1,8,34975,7.15E-07,0.000450752,0.01,2.30E-07,1.81E-07,5.11E-10
1,1,1,9,35013,9.20E-07,0.0013302,0.01,2.30E-07,1.81E-07,6.80E-10
1,1,1,10,34127,7.44E-07,0.000468168,0.01,2.30E-07,1.81E-07,5.32E-10
1,1,1,11,29789,1.06E-06,0.00188021,0.01,2.30E-07,1.81E-07,7.77E-10
1,1,1,12,32222,7.48E-07,0.000463506,0.01,2.30E-07,1.81E-07,5.41E-10
1,1,1,13,30116,1.02E-06,0.00159157,0.01,2.30E-07,1.81E-07,1.09E-09
1,1,1,14,32943,7.36E-07,0.000475601,0.01,2.30E-07,1.81E-07,5.25E-10
1,1,1,15,29733,1.06E-06,0.00190794,0.01,2.30E-07,1.81E-07,7.67E-10
1,1,1,16,31790,7.86E-07,0.000501649,0.01,2.30E-07,1.81E-07,5.56E-10
1,1,1,17,27842,1.29E-06,0.000724781,0.01,2.30E-07,1.81E-07,1.27E-09
1,1,1,18,34462,7.09E-07,0.000445807,0.01,2.30E-07,1.81E-07,5.01E-10
1,1,1,19,31087,9.98E-07,0.000624572,0.01,2.30E-07,1.81E-07,7.16E-10
1,1,1,20,33210,7.43E-07,0.000471046,0.01,2.30E-07,1.81E-07,5.18E-10
1,1,1,21,33753,1.06E-06,0.00149962,0.01,2.30E-07,1.81E-07,6.85E-10
1,1,1,22,35087,7.11E-07,0.00149564,0.01,2.30E-07,1.81E-07,5.10E-10
1,1,1,23,31752,9.79E-07,0.00062173,0.01,2.30E-07,1.81E-07,6.89E-10
1,1,1,24,34031,7.28E-07,0.000454533,0.01,2.30E-07,1.81E-07,4.98E-10
1,1,1,25,35024,8.77E-07,0.00149671,0.01,2.30E-07,1.81E-07,6.21E-10
1,1,1,26,35365,7.00E-07,0.00152007,0.01,2.30E-07,1.81E-07,4.94E-10
1,1,1,27,33665,1.01E-06,0.00143238,0.01,2.30E-07,1.81E-07,6.67E-10
1,1,1,28,36005,7.11E-07,0.000450848,0.01,2.30E-07,1.81E-07,4.95E-10
1,1,1,29,34775,9.32E-07,0.00113791,0.01,2.30E-07,1.81E-07,6.92E-10
1,1,1,30,37356,6.83E-07,0.000439108,0.01,2.30E-07,1.81E-07,4.97E-10
1,1,1,31,34446,1.14E-06,0.00100257,0.01,2.30E-07,1.81E-07,7.45E-10
1,1,1,32,21764,1.21E-06,0.000720142,0.01,2.30E-07,1.81E-07,6.40E-10
1,1,1,33,None,0,0,0,0,0,0
1,1,1,34,37431,7.06E-07,0.00113751,0.01,2.30E-07,1.81E-07,7.05E-10
1,1,1,35,35311,8.85E-07,0.000558876,0.01,2.30E-07,1.81E-07,6.37E-10
1,1,1,36,35425,8.07E-07,0.000487923,0.01,2.30E-07,1.81E-07,4.99E-10
1,1,2,1,12463,2.65E-05,0.0148251,0.01,3.03E-07,1.60E-07,9.44E-09
1,1,2,2,13254,2.01E-05,0.0107407,0.01,3.03E-07,1.60E-07,7.63E-09
1,1,2,3,14601,2.05E-05,0.0104394,0.01,3.03E-07,1.60E-07,8.23E-09
1,1,2,4,12908,2.61E-05,0.0106788,0.01,3.03E-07,1.60E-07,1.02E-08
1,1,2,5,15185,1.93E-05,0.0104705,0.01,3.03E-07,1.60E-07,7.67E-09
1,1,2,6,16049,1.65E-05,0.00935883,0.01,3.03E-07,1.60E-07,6.85E-09
1,1,2,7,16355,1.76E-05,0.00977687,0.01,3.03E-07,1.60E-07,6.96E-09
1,1,2,8,15596,1.62E-05,0.00907531,0.01,3.03E-07,1.60E-07,6.21E-09
1,1,2,9,15157,1.98E-05,0.0105383,0.01,3.03E-07,1.60E-07,7.64E-09
1,1,2,10,15890,1.64E-05,0.00938928,0.01,3.03E-07,1.60E-07,6.78E-09
1,1,2,11,14209,2.19E-05,0.0108604,0.01,3.03E-07,1.60E-07,8.53E-09
1,1,2,12,14509,1.82E-05,0.0096861,0.01,3.03E-07,1.60E-07,7.12E-09
1,1,2,13,14629,1.99E-05,0.0141749,0.01,3.03E-07,1.60E-07,8.08E-09
1,1,2,14,18518,1.40E-05,0.00810572,0.01,3.03E-07,1.60E-07,6.03E-09
1,1,2,15,18654,1.50E-05,0.00902981,0.01,3.03E-07,1.60E-07,6.35E-09
1,1,2,16,16129,1.63E-05,0.00909327,0.01,3.03E-07,1.60E-07,6.21E-09
1,1,2,17,13847,2.34E-05,0.0109241,0.01,3.03E-07,1.60E-07,8.81E-09
1,1,2,18,12251,2.33E-05,0.0117047,0.01,3.03E-07,1.60E-07,8.13E-09
1,1,2,19,16371,1.78E-05,0.0104441,0.01,3.03E-07,1.60E-07,7.12E-09
1,1,2,20,10714,2.41E-05,0.0101525,0.01,3.03E-07,1.60E-07,9.01E-09
1,1,2,21,9125,3.19E-05,0.0164585,0.01,3.03E-07,1.60E-07,1.23E-08
1,1,2,22,16992,1.57E-05,0.00900548,0.01,3.03E-07,1.60E-07,6.22E-09
1,1,2,23,17136,1.66E-05,0.00925198,0.01,3.03E-07,1.60E-07,6.66E-09
1,1,2,24,17630,1.42E-05,0.00831801,0.01,3.03E-07,1.60E-07,5.88E-09
1,1,2,25,16625,1.73E-05,0.00954989,0.01,3.03E-07,1.60E-07,7.02E-09
1,1,2,26,14724,1.86E-05,0.00934206,0.01,3.03E-07,1.60E-07,6.92E-09
1,1,2,27,14344,2.10E-05,0.0110273,0.01,3.03E-07,1.60E-07,7.71E-09
1,1,2,28,18025,1.49E-05,0.00859262,0.01,3.03E-07,1.60E-07,6.19E-09
1,1,2,29,15460,1.87E-05,0.010533,0.01,3.03E-07,1.60E-07,8.04E-09
1,1,2,30,11884,2.28E-05,0.0108167,0.01,3.03E-07,1.60E-07,7.48E-09
1,1,2,31,13455,2.27E-05,0.0151257,0.01,3.03E-07,1.60E-07,8.54E-09
1,1,2,32,16273,1.60E-05,0.00932763,0.01,3.03E-07,1.60E-07,6.65E-09
1,1,2,33,18298,1.51E-05,0.00896192,0.01,3.03E-07,1.60E-07,6.17E-09
1,1,2,34,14647,1.82E-05,0.0107264,0.01,3.03E-07,1.60E-07,6.64E-09
1,1,2,35,12869,2.57E-05,0.0120024,0.01,3.03E-07,1.60E-07,8.88E-09
1,1,2,36,13587,1.93E-05,0.0109116,0.01,3.03E-07,1.60E-07,7.09E-09
1,1,3,1,3652,0.000490534,2.49E-07,0.011025,4.90E-07,3.03E-07,0.000242234
1,1,3,2,4069,0.000486139,2.73E-07,0.011025,4.90E-07,3.03E-07,0.000228093
1,1,3,3,4579,0.00041098,2.45E-07,0.011025,4.90E-07,3.03E-07,0.000194793
1,1,3,4,4771,0.000440608,2.60E-07,0.011025,4.90E-07,3.03E-07,0.000200066
1,1,3,5,4535,0.000387139,2.07E-07,0.011025,4.90E-07,3.03E-07,0.000187243
1,1,3,6,4488,0.000386108,2.09E-07,0.011025,4.90E-07,3.03E-07,0.0001898
1,1,3,7,5628,0.000294902,1.63E-07,0.011025,4.90E-07,3.03E-07,0.000147436
1,1,3,8,6821,0.000236154,1.27E-07,0.011025,4.90E-07,3.03E-07,0.000117267
1,1,3,9,6545,0.000256981,1.33E-07,0.011025,4.90E-07,3.03E-07,0.000126493
1,1,3,10,4299,0.000393471,1.74E-07,0.011025,4.90E-07,3.03E-07,0.000183505
1,1,3,11,1694,0.000976363,4.26E-07,0.011025,4.90E-07,3.03E-07,0.000463962
1,1,3,12,2080,0.000732897,3.34E-07,0.011025,4.90E-07,3.03E-07,0.000363517
1,1,3,13,6371,0.000256323,1.32E-07,0.011025,4.90E-07,3.03E-07,0.000126225
1,1,3,14,7525,0.000223044,1.10E-07,0.011025,4.90E-07,3.03E-07,0.000107854
1,1,3,15,6904,0.000231215,1.16E-07,0.011025,4.90E-07,3.03E-07,0.000112191
1,1,3,16,5137,0.000319912,1.70E-07,0.011025,4.90E-07,3.03E-07,0.000158538
1,1,3,17,6112,0.000301463,1.66E-07,0.011025,4.90E-07,3.03E-07,0.000150578
1,1,3,18,2437,0.000790488,3.56E-07,0.011025,4.90E-07,3.03E-07,0.000325779
1,1,3,19,3819,0.00046141,2.09E-07,0.011025,4.90E-07,3.03E-07,0.000212737
1,1,3,20,7557,0.000211253,1.09E-07,0.011025,4.90E-07,3.03E-07,0.000103067
1,1,3,21,6861,0.000236443,1.27E-07,0.011025,4.90E-07,3.03E-07,0.000117542
1,1,3,22,7060,0.00022403,1.21E-07,0.011025,4.90E-07,3.03E-07,0.000111457
1,1,3,23,6956,0.000241719,1.20E-07,0.011025,4.90E-07,3.03E-07,0.00011804
1,1,3,24,6298,0.000267523,1.36E-07,0.011025,4.90E-07,3.03E-07,0.000133379
1,1,3,25,5073,0.000356067,2.10E-07,0.011025,4.90E-07,3.03E-07,0.00016996
1,1,3,26,4146,0.000384169,2.08E-07,0.011025,4.90E-07,3.03E-07,0.000192078
1,1,3,27,3600,0.000452993,2.26E-07,0.011025,4.90E-07,3.03E-07,0.000225578
1,1,3,28,7200,0.000222,1.12E-07,0.011025,4.90E-07,3.03E-07,0.000108915
1,1,3,29,6490,0.000254707,1.28E-07,0.011025,4.90E-07,3.03E-07,0.000125634
1,1,3,30,4620,0.000365905,1.96E-07,0.011025,4.90E-07,3.03E-07,0.000182887
1,1,3,31,6470,0.000252904,1.34E-07,0.011025,4.90E-07,3.03E-07,0.000125788
1,1,3,32,7095,0.000231248,1.19E-07,0.011025,4.90E-07,3.03E-07,0.000113847
1,1,3,33,6724,0.000242125,1.21E-07,0.011025,4.90E-07,3.03E-07,0.000117563
1,1,3,34,7463,0.000229768,1.23E-07,0.011025,4.90E-07,3.03E-07,0.000114347
1,1,3,35,6113,0.000302622,1.74E-07,0.011025,4.90E-07,3.03E-07,0.000150523
1,1,3,36,3504,0.000499955,2.35E-07,0.011025,4.90E-07,3.03E-07,0.000245895
1,1,4,1,None,0,0,0,0,0,0
1,1,4,2,35930,7.30E-07,0.000675655,0.01,2.30E-07,1.81E-07,4.95E-10
1,1,4,3,32811,9.72E-07,0.000609765,0.01,2.30E-07,1.81E-07,7.36E-10
1,1,4,4,35517,8.26E-07,0.00115121,0.01,2.30E-07,1.81E-07,5.12E-10
1,1,4,5,29664,1.15E-06,0.000604257,0.01,2.30E-07,1.81E-07,8.49E-10
1,1,4,6,31535,8.47E-07,0.000468691,0.01,2.30E-07,1.81E-07,5.58E-10
1,1,4,7,33887,9.39E-07,0.00121206,0.01,2.30E-07,1.81E-07,6.69E-10
1,1,4,8,34975,7.15E-07,0.000450436,0.01,2.30E-07,1.81E-07,5.11E-10
1,1,4,9,35013,9.20E-07,0.00132958,0.01,2.30E-07,1.81E-07,6.80E-10
1,1,4,10,34127,7.44E-07,0.00046801,0.01,2.30E-07,1.81E-07,5.32E-10
1,1,4,11,29789,1.06E-06,0.00188002,0.01,2.30E-07,1.81E-07,7.77E-10
1,1,4,12,32222,7.48E-07,0.000463275,0.01,2.30E-07,1.81E-07,5.41E-10
1,1,4,13,30116,1.02E-06,0.00159117,0.01,2.30E-07,1.81E-07,1.09E-09
1,1,4,14,32943,7.36E-07,0.000475518,0.01,2.30E-07,1.81E-07,5.25E-10
1,1,4,15,29733,1.06E-06,0.00190775,0.01,2.30E-07,1.81E-07,7.67E-10
1,1,4,16,31790,7.86E-07,0.000501522,0.01,2.30E-07,1.81E-07,5.56E-10
1,1,4,17,27842,1.29E-06,0.00072479,0.01,2.30E-07,1.81E-07,1.27E-09
1,1,4,18,34462,7.09E-07,0.000445866,0.01,2.30E-07,1.81E-07,5.01E-10
1,1,4,19,31087,9.98E-07,0.000624825,0.01,2.30E-07,1.81E-07,7.16E-10
1,1,4,20,33210,7.43E-07,0.00047105,0.01,2.30E-07,1.81E-07,5.18E-10
1,1,4,21,33753,1.06E-06,0.00149959,0.01,2.30E-07,1.81E-07,6.85E-10
1,1,4,22,35087,7.11E-07,0.00149576,0.01,2.30E-07,1.81E-07,5.10E-10
1,1,4,23,31752,9.79E-07,0.000621896,0.01,2.30E-07,1.81E-07,6.89E-10
1,1,4,24,34031,7.28E-07,0.000454703,0.01,2.30E-07,1.81E-07,4.98E-10
1,1,4,25,35024,8.77E-07,0.00149703,0.01,2.30E-07,1.81E-07,6.21E-10
1,1,4,26,35365,7.00E-07,0.00152086,0.01,2.30E-07,1.81E-07,4.94E-10
1,1,4,27,33665,1.01E-06,0.00143258,0.01,2.30E-07,1.81E-07,6.67E-10
1,1,4,28,36005,7.11E-07,0.000451063,0.01,2.30E-07,1.81E-07,4.95E-10
1,1,4,29,34775,9.32E-07,0.00113873,0.01,2.30E-07,1.81E-07,6.92E-10
1,1,4,30,37356,6.83E-07,0.000439205,0.01,2.30E-07,1.81E-07,4.97E-10
1,1,4,31,34446,1.14E-06,0.00100313,0.01,2.30E-07,1.81E-07,7.45E-10
1,1,4,32,21764,1.21E-06,0.000720357,0.01,2.30E-07,1.81E-07,6.40E-10
1,1,4,33,None,0,0,0,0,0,0
1,1,4,34,37431,7.06E-07,0.00113766,0.01,2.30E-07,1.81E-07,7.05E-10
1,1,4,35,35311,8.85E-07,0.00055911,0.01,2.30E-07,1.81E-07,6.37E-10
1,1,4,36,35425,8.07E-07,0.000488078,0.01,2.30E-07,1.81E-07,4.99E-10
1,2,1,1,65708,2.26E-06,0.000300396,0.0025,8.12E-08,1.52E-07,8.81E-10
1,2,1,2,67815,2.00E-06,0.000268095,0.0025,8.12E-08,1.52E-07,8.23E-10
1,2,1,3,36146,4.19E-06,0.000468639,0.0025,8.12E-08,1.52E-07,1.70E-09
1,2,1,4,66700,2.01E-06,0.000267632,0.0025,8.12E-08,1.52E-07,8.25E-10
1,2,1,5,66935,2.21E-06,0.000297343,0.0025,8.12E-08,1.52E-07,9.14E-10
1,2,1,6,60926,2.13E-06,0.000279571,0.0025,8.12E-08,1.52E-07,8.98E-10
1,2,1,7,59619,2.39E-06,0.000304321,0.0025,8.12E-08,1.52E-07,9.87E-10
1,2,1,8,61286,2.15E-06,0.000285585,0.0025,8.12E-08,1.52E-07,8.81E-10
1,2,1,9,63767,2.27E-06,0.000302583,0.0025,8.12E-08,1.52E-07,9.26E-10
1,2,1,10,64897,2.00E-06,0.000265572,0.0025,8.12E-08,1.52E-07,8.09E-10
1,2,1,11,66446,2.15E-06,0.000286252,0.0025,8.12E-08,1.52E-07,8.73E-10
1,2,1,12,64794,2.03E-06,0.000270896,0.0025,8.12E-08,1.52E-07,8.27E-10
1,2,1,13,67968,2.10E-06,0.000281248,0.0025,8.12E-08,1.52E-07,8.59E-10
1,2,1,14,68811,1.92E-06,0.000255392,0.0025,8.12E-08,1.52E-07,7.68E-10
1,2,1,15,71253,2.08E-06,0.000281308,0.0025,8.12E-08,1.52E-07,8.48E-10
1,2,1,16,69198,1.94E-06,0.000258948,0.0025,8.12E-08,1.52E-07,8.01E-10
1,2,1,17,70978,2.11E-06,0.000282783,0.0025,8.12E-08,1.52E-07,8.64E-10
1,2,1,18,69485,1.92E-06,0.000257322,0.0025,8.12E-08,1.52E-07,7.93E-10
1,2,2,1,16506,6.73E-05,0.0116597,0.009025,1.52E-07,2.26E-07,7.47E-09
1,2,2,2,11109,9.38E-05,0.0181147,0.009025,1.52E-07,2.26E-07,9.90E-09
1,2,2,3,12299,9.43E-05,0.0179259,0.009025,1.52E-07,2.26E-07,8.99E-09
1,2,2,4,10330,0.00010639,0.0197141,0.009025,1.52E-07,2.26E-07,9.10E-09
1,2,2,5,12601,9.67E-05,0.0221372,0.009025,1.52E-07,2.26E-07,9.15E-09
1,2,2,6,14391,7.59E-05,0.0354711,0.009025,1.52E-07,2.26E-07,7.98E-09
1,2,2,7,17021,5.77E-05,0.0308053,0.009025,1.52E-07,2.26E-07,6.30E-09
1,2,2,8,17089,5.24E-05,0.0110883,0.009025,1.52E-07,2.26E-07,5.52E-09
1,2,2,9,16604,5.84E-05,0.0323756,0.009025,1.52E-07,2.26E-07,6.00E-09
1,2,2,10,18610,5.18E-05,0.0302105,0.009025,1.52E-07,2.26E-07,5.96E-09
1,2,2,11,13606,8.03E-05,0.038596,0.009025,1.52E-07,2.26E-07,8.01E-09
1,2,2,12,13074,8.20E-05,0.0379423,0.009025,1.52E-07,2.26E-07,8.26E-09
1,2,2,13,18186,5.30E-05,0.0109857,0.009025,1.52E-07,2.26E-07,5.63E-09
1,2,2,14,22385,4.24E-05,0.00763016,0.009025,1.52E-07,2.26E-07,4.82E-09
1,2,2,15,19066,5.02E-05,0.0327353,0.009025,1.52E-07,2.26E-07,5.33E-09
1,2,2,16,19479,4.85E-05,0.00994814,0.009025,1.52E-07,2.26E-07,5.00E-09
1,2,2,17,14015,6.68E-05,0.0228222,0.009025,1.52E-07,2.26E-07,6.23E-09
1,2,2,18,11446,8.20E-05,0.0244148,0.009025,1.52E-07,2.26E-07,8.27E-09
1,2,2,19,15266,6.64E-05,0.0472591,0.009025,1.52E-07,2.26E-07,6.89E-09
1,2,2,20,18438,5.07E-05,0.0303766,0.009025,1.52E-07,2.26E-07,5.51E-09
1,2,2,21,14123,6.53E-05,0.0389959,0.009025,1.52E-07,2.26E-07,7.20E-09
1,2,2,22,19620,4.68E-05,0.0273759,0.009025,1.52E-07,2.26E-07,4.87E-09
1,2,2,23,19754,4.77E-05,0.0242773,0.009025,1.52E-07,2.26E-07,5.28E-09
1,2,2,24,19336,4.91E-05,0.00954258,0.009025,1.52E-07,2.26E-07,5.42E-09
1,2,2,25,15343,7.14E-05,0.0333476,0.009025,1.52E-07,2.26E-07,7.11E-09
1,2,2,26,14871,5.96E-05,0.0335088,0.009025,1.52E-07,2.26E-07,5.89E-09
1,2,2,27,14971,6.89E-05,0.0370816,0.009025,1.52E-07,2.26E-07,7.20E-09
1,2,2,28,21466,4.42E-05,0.00848097,0.009025,1.52E-07,2.26E-07,4.95E-09
1,2,2,29,18705,5.12E-05,0.0122553,0.009025,1.52E-07,2.26E-07,5.30E-09
1,2,2,30,12265,7.28E-05,0.04116,0.009025,1.52E-07,2.26E-07,7.17E-09
1,2,2,31,16551,5.88E-05,0.0385964,0.009025,1.52E-07,2.26E-07,6.24E-09
1,2,2,32,18877,4.89E-05,0.0287995,0.009025,1.52E-07,2.26E-07,5.36E-09
1,2,2,33,20129,4.75E-05,0.027823,0.009025,1.52E-07,2.26E-07,5.22E-09
1,2,2,34,16709,5.69E-05,0.0107607,0.009025,1.52E-07,2.26E-07,6.24E-09
1,2,2,35,11517,8.44E-05,0.0454879,0.009025,1.52E-07,2.26E-07,7.66E-09
1,2,2,36,11919,8.82E-05,0.0435564,0.009025,1.52E-07,2.26E-07,1.04E-08
1,3,1,1,55646,3.73E-06,0.000489938,0.0064,3.24E-08,2.30E-07,1.97E-09
1,3,1,2,55515,4.07E-06,0.000545157,0.0064,3.24E-08,2.30E-07,2.21E-09
1,3,1,3,50213,4.14E-06,0.000536975,0.0064,3.24E-08,2.30E-07,2.32E-09
1,3,1,4,54887,4.03E-06,0.000531851,0.0064,3.24E-08,2.30E-07,2.19E-09
1,3,1,5,54486,3.83E-06,0.000509233,0.0064,3.24E-08,2.30E-07,2.04E-09
1,3,1,6,49529,4.32E-06,0.000566391,0.0064,3.24E-08,2.30E-07,2.41E-09
1,3,1,7,36798,5.36E-06,0.000541727,0.0064,3.24E-08,2.30E-07,2.84E-09
1,3,1,8,50126,4.31E-06,0.000566523,0.0064,3.24E-08,2.30E-07,2.44E-09
1,3,1,9,51637,3.87E-06,0.000515395,0.0064,3.24E-08,2.30E-07,2.05E-09
1,3,1,10,52940,4.07E-06,0.000540293,0.0064,3.24E-08,2.30E-07,2.23E-09
1,3,1,11,53516,3.78E-06,0.00049934,0.0064,3.24E-08,2.30E-07,2.00E-09
1,3,1,12,52245,4.19E-06,0.000580103,0.0064,3.24E-08,2.30E-07,2.28E-09
1,3,1,13,54309,3.67E-06,0.000484061,0.0064,3.24E-08,2.30E-07,1.94E-09
1,3,1,14,57401,3.82E-06,0.000511127,0.0064,3.24E-08,2.30E-07,2.05E-09
1,3,1,15,56933,3.57E-06,0.000480154,0.0064,3.24E-08,2.30E-07,1.86E-09
1,3,1,16,57894,3.86E-06,0.000509973,0.0064,3.24E-08,2.30E-07,2.07E-09
1,3,1,17,58069,3.68E-06,0.00048392,0.0064,3.24E-08,2.30E-07,1.94E-09
1,3,1,18,57526,3.83E-06,0.000514181,0.0064,3.24E-08,2.30E-07,2.09E-09
1,3,2,1,18529,5.99E-05,0.0100517,0.005625,1.64E-07,3.84E-07,6.73E-09
1,3,2,2,16397,7.62E-05,0.0121713,0.005625,1.64E-07,3.84E-07,8.20E-09
1,3,2,3,14734,9.71E-05,0.0364466,0.005625,1.64E-07,3.84E-07,1.02E-08
1,3,2,4,16518,0.000103808,0.012761,0.005625,1.64E-07,3.84E-07,1.11E-08
1,3,2,5,15823,7.26E-05,0.0202415,0.005625,1.64E-07,3.84E-07,8.26E-09
1,3,2,6,19623,5.84E-05,0.0301707,0.005625,1.64E-07,3.84E-07,6.82E-09
1,3,2,7,18632,5.68E-05,0.0302202,0.005625,1.64E-07,3.84E-07,6.06E-09
1,3,2,8,20799,5.10E-05,0.0288742,0.005625,1.64E-07,3.84E-07,5.46E-09
1,3,2,9,17646,6.07E-05,0.0318891,0.005625,1.64E-07,3.84E-07,6.23E-09
1,3,2,10,21267,4.99E-05,0.0290826,0.005625,1.64E-07,3.84E-07,5.62E-09
1,3,2,11,16010,7.23E-05,0.0351798,0.005625,1.64E-07,3.84E-07,7.33E-09
1,3,2,12,18530,6.28E-05,0.0104719,0.005625,1.64E-07,3.84E-07,6.92E-09
1,3,2,13,19122,5.48E-05,0.0328609,0.005625,1.64E-07,3.84E-07,5.90E-09
1,3,2,14,24036,4.26E-05,0.007222,0.005625,1.64E-07,3.84E-07,4.99E-09
1,3,2,15,22104,4.61E-05,0.00810446,0.005625,1.64E-07,3.84E-07,5.28E-09
1,3,2,16,22014,4.66E-05,0.00873066,0.005625,1.64E-07,3.84E-07,4.91E-09
1,3,2,17,15737,7.01E-05,0.0139498,0.005625,1.64E-07,3.84E-07,6.66E-09
1,3,2,18,16527,7.16E-05,0.0120584,0.005625,1.64E-07,3.84E-07,7.03E-09
1,3,2,19,17496,6.31E-05,0.0417229,0.005625,1.64E-07,3.84E-07,6.53E-09
1,3,2,20,20646,5.10E-05,0.0293994,0.005625,1.64E-07,3.84E-07,5.22E-09
1,3,2,21,14174,6.59E-05,0.0371011,0.005625,1.64E-07,3.84E-07,6.59E-09
1,3,2,22,22609,4.75E-05,0.0270487,0.005625,1.64E-07,3.84E-07,5.12E-09
1,3,2,23,20867,4.99E-05,0.00840525,0.005625,1.64E-07,3.84E-07,5.39E-09
1,3,2,24,22644,4.65E-05,0.0257096,0.005625,1.64E-07,3.84E-07,5.21E-09
1,3,2,25,18267,6.25E-05,0.0306428,0.005625,1.64E-07,3.84E-07,6.78E-09
1,3,2,26,19561,5.68E-05,0.0302083,0.005625,1.64E-07,3.84E-07,5.86E-09
1,3,2,27,17072,6.35E-05,0.034493,0.005625,1.64E-07,3.84E-07,6.41E-09
1,3,2,28,23982,4.30E-05,0.0252271,0.005625,1.64E-07,3.84E-07,4.85E-09
1,3,2,29,14726,7.42E-05,0.042423,0.005625,1.64E-07,3.84E-07,7.32E-09
1,3,2,30,17138,6.53E-05,0.0335954,0.005625,1.64E-07,3.84E-07,6.12E-09
1,3,2,31,17201,5.94E-05,0.0383953,0.005625,1.64E-07,3.84E-07,6.00E-09
1,3,2,32,21304,4.83E-05,0.0147807,0.005625,1.64E-07,3.84E-07,5.60E-09
1,3,2,33,21344,4.77E-05,0.0207569,0.005625,1.64E-07,3.84E-07,5.51E-09
1,3,2,34,19462,5.62E-05,0.0312234,0.005625,1.64E-07,3.84E-07,5.81E-09
1,3,2,35,13658,9.32E-05,0.0395328,0.005625,1.64E-07,3.84E-07,8.71E-09
1,3,2,36,17250,3.02E-05,0.027159,0.005625,1.64E-07,3.84E-07,3.79E-09
1,4,1,1,43893,6.39E-06,0.000834782,0.003025,3.03E-07,3.03E-07,4.39E-09
1,4,1,2,44860,6.83E-06,0.000906659,0.003025,3.03E-07,3.03E-07,4.67E-09
1,4,1,3,42351,6.80E-06,0.000895678,0.003025,3.03E-07,3.03E-07,4.64E-09
1,4,1,4,44585,6.74E-06,0.000875862,0.003025,3.03E-07,3.03E-07,4.56E-09
1,4,1,5,42103,6.67E-06,0.000876812,0.003025,3.03E-07,3.03E-07,4.58E-09
1,4,1,6,40074,7.32E-06,0.000937275,0.003025,3.03E-07,3.03E-07,5.05E-09
1,4,1,7,37880,7.15E-06,0.000907879,0.003025,3.03E-07,3.03E-07,4.93E-09
1,4,1,8,40569,7.21E-06,0.000929357,0.003025,3.03E-07,3.03E-07,5.00E-09
1,4,1,9,40516,6.65E-06,0.000875931,0.003025,3.03E-07,3.03E-07,4.58E-09
1,4,1,10,43119,6.54E-06,0.000857984,0.003025,3.03E-07,3.03E-07,4.48E-09
1,4,1,11,42319,6.45E-06,0.000843482,0.003025,3.03E-07,3.03E-07,4.43E-09
1,4,1,12,43823,6.60E-06,0.000872011,0.003025,3.03E-07,3.03E-07,4.54E-09
1,4,1,13,43422,6.25E-06,0.000818141,0.003025,3.03E-07,3.03E-07,4.29E-09
1,4,1,14,46393,6.27E-06,0.000829944,0.003025,3.03E-07,3.03E-07,4.31E-09
1,4,1,15,30794,9.05E-06,0.00146249,0.003025,3.03E-07,3.03E-07,6.10E-09
1,4,1,16,46340,6.51E-06,0.000850123,0.003025,3.03E-07,3.03E-07,4.46E-09
1,4,1,17,45358,6.37E-06,0.000831095,0.003025,3.03E-07,3.03E-07,4.34E-09
1,4,1,18,46812,6.39E-06,0.000843294,0.003025,3.03E-07,3.03E-07,4.38E-09
1,4,2,1,20590,5.82E-05,0.0326318,0.01,3.60E-07,2.35E-07,6.87E-09
1,4,2,2,19674,6.42E-05,0.0125618,0.01,3.60E-07,2.35E-07,7.24E-09
1,4,2,3,17820,6.76E-05,0.0291456,0.01,3.60E-07,2.35E-07,8.37E-09
1,4,2,4,20031,7.51E-05,0.034276,0.01,3.60E-07,2.35E-07,9.04E-09
1,4,2,5,16980,7.20E-05,0.0371207,0.01,3.60E-07,2.35E-07,9.77E-09
1,4,2,6,21161,5.35E-05,0.0313222,0.01,3.60E-07,2.35E-07,7.22E-09
1,4,2,7,20313,5.76E-05,0.00927971,0.01,3.60E-07,2.35E-07,6.57E-09
1,4,2,8,21941,5.50E-05,0.0310504,0.01,3.60E-07,2.35E-07,6.49E-09
1,4,2,9,19008,6.49E-05,0.0340362,0.01,3.60E-07,2.35E-07,7.32E-09
1,4,2,10,21877,5.44E-05,0.0314995,0.01,3.60E-07,2.35E-07,6.54E-09
1,4,2,11,17791,7.40E-05,0.0361782,0.01,3.60E-07,2.35E-07,8.51E-09
1,4,2,12,20671,5.92E-05,0.0316864,0.01,3.60E-07,2.35E-07,7.04E-09
1,4,2,13,19705,5.91E-05,0.034631,0.01,3.60E-07,2.35E-07,7.02E-09
1,4,2,14,24664,4.48E-05,0.00702977,0.01,3.60E-07,2.35E-07,5.58E-09
1,4,2,15,22862,4.84E-05,0.00978141,0.01,3.60E-07,2.35E-07,5.87E-09
1,4,2,16,22147,5.36E-05,0.0303703,0.01,3.60E-07,2.35E-07,6.41E-09
1,4,2,17,17786,7.39E-05,0.0352813,0.01,3.60E-07,2.35E-07,8.04E-09
1,4,2,18,19009,7.19E-05,0.0103499,0.01,3.60E-07,2.35E-07,7.97E-09
1,4,2,19,20501,5.87E-05,0.0092681,0.01,3.60E-07,2.35E-07,6.81E-09
1,4,2,20,21665,5.72E-05,0.0313307,0.01,3.60E-07,2.35E-07,6.49E-09
1,4,2,21,15774,7.61E-05,0.0394354,0.01,3.60E-07,2.35E-07,7.51E-09
1,4,2,22,23423,5.06E-05,0.0289519,0.01,3.60E-07,2.35E-07,6.11E-09
1,4,2,23,21774,5.39E-05,0.0294585,0.01,3.60E-07,2.35E-07,6.32E-09
1,4,2,24,24388,4.66E-05,0.0272787,0.01,3.60E-07,2.35E-07,5.73E-09
1,4,2,25,20783,5.74E-05,0.0307401,0.01,3.60E-07,2.35E-07,6.58E-09
1,4,2,26,21475,5.89E-05,0.0301288,0.01,3.60E-07,2.35E-07,6.92E-09
1,4,2,27,19103,6.34E-05,0.0346526,0.01,3.60E-07,2.35E-07,6.91E-09
1,4,2,28,25084,4.70E-05,0.0277506,0.01,3.60E-07,2.35E-07,5.77E-09
1,4,2,29,19818,6.02E-05,0.0341032,0.01,3.60E-07,2.35E-07,7.09E-09
1,4,2,30,18615,7.51E-05,0.0351987,0.01,3.60E-07,2.35E-07,8.29E-09
1,4,2,31,17901,6.94E-05,0.0412818,0.01,3.60E-07,2.35E-07,7.43E-09
1,4,2,32,20550,6.02E-05,0.0422323,0.01,3.60E-07,2.35E-07,6.93E-09
1,4,2,33,22674,5.00E-05,0.0278632,0.01,3.60E-07,2.35E-07,5.98E-09
1,4,2,34,21169,5.75E-05,0.00854651,0.01,3.60E-07,2.35E-07,6.35E-09
1,4,2,35,16667,8.31E-05,0.0386234,0.01,3.60E-07,2.35E-07,8.63E-09
1,4,2,36,19830,6.38E-05,0.0185664,0.01,3.60E-07,2.35E-07,6.68E-09
2,1,1,1,34500,1.01E-06,0.0014144,0.0049,1.09E-07,8.70E-08,6.56E-10
2,1,1,2,35236,6.90E-07,0.000441377,0.0049,1.09E-07,8.70E-08,4.80E-10
2,1,1,3,33061,9.39E-07,0.00163509,0.0049,1.09E-07,8.70E-08,6.83E-10
2,1,1,4,34496,7.24E-07,0.00158367,0.0049,1.09E-07,8.70E-08,4.94E-10
2,1,1,5,21589,1.69E-06,0.00103982,0.0049,1.09E-07,8.70E-08,1.37E-09
2,1,1,6,25999,9.67E-07,0.000601459,0.0049,1.09E-07,8.70E-08,6.14E-10
2,1,1,7,29789,1.07E-06,0.00169003,0.0049,1.09E-07,8.70E-08,1.02E-09
2,1,1,8,34176,6.37E-07,0.000263542,0.0049,1.09E-07,8.70E-08,3.15E-10
2,1,1,9,34734,1.09E-06,0.00121937,0.0049,1.09E-07,8.70E-08,7.27E-10
2,1,1,10,33781,7.44E-07,0.000467099,0.0049,1.09E-07,8.70E-08,5.23E-10
2,1,1,11,30697,1.03E-06,0.000673479,0.0049,1.09E-07,8.70E-08,7.92E-10
2,1,1,12,33144,7.40E-07,0.000464487,0.0049,1.09E-07,8.70E-08,5.20E-10
2,1,1,13,34249,1.02E-06,0.000592763,0.0049,1.09E-07,8.70E-08,6.49E-10
2,1,1,14,34772,6.98E-07,0.000439147,0.0049,1.09E-07,8.70E-08,4.86E-10
2,1,1,15,33009,9.47E-07,0.000599667,0.0049,1.09E-07,8.70E-08,6.58E-10
2,1,1,16,34623,7.17E-07,0.0015549,0.0049,1.09E-07,8.70E-08,4.90E-10
2,1,1,17,26569,1.23E-06,0.00207318,0.0049,1.09E-07,8.70E-08,9.32E-10
2,1,1,18,31481,7.89E-07,0.00164528,0.0049,1.09E-07,8.70E-08,5.39E-10
2,1,1,19,32871,1.27E-06,0.00165144,0.0049,1.09E-07,8.70E-08,6.99E-10
2,1,1,20,31628,7.60E-07,0.000476555,0.0049,1.09E-07,8.70E-08,5.20E-10
2,1,1,21,30827,1.05E-06,0.000632379,0.0049,1.09E-07,8.70E-08,8.07E-10
2,1,1,22,32982,4.63E-07,0.000342035,0.0049,1.09E-07,8.70E-08,4.42E-10
2,1,1,23,31655,9.81E-07,0.000619917,0.0049,1.09E-07,8.70E-08,6.80E-10
2,1,1,24,34456,7.09E-07,0.000447074,0.0049,1.09E-07,8.70E-08,4.77E-10
2,1,1,25,32209,9.51E-07,0.00176831,0.0049,1.09E-07,8.70E-08,7.11E-10
2,1,1,26,34294,7.19E-07,0.000465242,0.0049,1.09E-07,8.70E-08,5.03E-10
2,1,1,27,33419,9.28E-07,0.00164643,0.0049,1.09E-07,8.70E-08,6.50E-10
2,1,1,28,34732,3.69E-07,0.000224771,0.0049,1.09E-07,8.70E-08,4.97E-10
2,1,1,29,34833,9.14E-07,0.00146191,0.0049,1.09E-07,8.70E-08,6.35E-10
2,1,1,30,34407,7.16E-07,0.000450381,0.0049,1.09E-07,8.70E-08,5.02E-10
2,1,1,31,33438,9.26E-07,0.00163075,0.0049,1.09E-07,8.70E-08,6.59E-10
2,1,1,32,31171,8.00E-07,0.000509832,0.0049,1.09E-07,8.70E-08,5.65E-10
2,1,1,33,32387,9.74E-07,0.0014885,0.0049,1.09E-07,8.70E-08,8.54E-10
2,1,1,34,33563,7.23E-07,0.000463319,0.0049,1.09E-07,8.70E-08,5.09E-10
2,1,1,35,33842,9.32E-07,0.00133286,0.0049,1.09E-07,8.70E-08,8.00E-10
2,1,1,36,30747,3.46E-07,0.000213933,0.0049,1.09E-07,8.70E-08,2.99E-10
2,1,2,1,19668,1.41E-05,0.00852898,0.009025,3.60E-07,3.60E-07,6.25E-09
2,1,2,2,18720,1.38E-05,0.0079665,0.009025,3.60E-07,3.60E-07,5.92E-09
2,1,2,3,18740,1.46E-05,0.00846757,0.009025,3.60E-07,3.60E-07,6.63E-09
2,1,2,4,14709,2.09E-05,0.00995422,0.009025,3.60E-07,3.60E-07,8.36E-09
2,1,2,5,16199,2.00E-05,0.0098268,0.009025,3.60E-07,3.60E-07,8.74E-09
2,1,2,6,16938,1.55E-05,0.00860988,0.009025,3.60E-07,3.60E-07,6.62E-09
2,1,2,7,18099,1.60E-05,0.00896185,0.009025,3.60E-07,3.60E-07,6.97E-09
2,1,2,8,14838,1.74E-05,0.00963229,0.009025,3.60E-07,3.60E-07,7.35E-09
2,1,2,9,18595,1.52E-05,0.00876959,0.009025,3.60E-07,3.60E-07,6.49E-09
2,1,2,10,19126,1.35E-05,0.00822143,0.009025,3.60E-07,3.60E-07,5.89E-09
2,1,2,11,19343,1.46E-05,0.00851917,0.009025,3.60E-07,3.60E-07,6.43E-09
2,1,2,12,17857,1.40E-05,0.00808896,0.009025,3.60E-07,3.60E-07,6.04E-09
2,1,2,13,18480,1.56E-05,0.00886579,0.009025,3.60E-07,3.60E-07,6.82E-09
2,1,2,14,19073,1.34E-05,0.00764137,0.009025,3.60E-07,3.60E-07,5.91E-09
2,1,2,15,20255,1.37E-05,0.00813262,0.009025,3.60E-07,3.60E-07,5.99E-09
2,1,2,16,15407,1.82E-05,0.00931379,0.009025,3.60E-07,3.60E-07,7.32E-09
2,1,2,17,16302,1.84E-05,0.00978247,0.009025,3.60E-07,3.60E-07,7.64E-09
2,1,2,18,16896,1.51E-05,0.00860783,0.009025,3.60E-07,3.60E-07,6.20E-09
2,1,2,19,20073,1.37E-05,0.00805314,0.009025,3.60E-07,3.60E-07,6.09E-09
2,1,2,20,16942,1.64E-05,0.00845828,0.009025,3.60E-07,3.60E-07,6.97E-09
2,1,2,21,13347,1.96E-05,0.0112594,0.009025,3.60E-07,3.60E-07,1.18E-08
2,1,2,22,17862,1.49E-05,0.00847533,0.009025,3.60E-07,3.60E-07,6.33E-09
2,1,2,23,19990,1.37E-05,0.00800103,0.009025,3.60E-07,3.60E-07,6.00E-09
2,1,2,24,19402,1.27E-05,0.00766938,0.009025,3.60E-07,3.60E-07,5.39E-09
2,1,2,25,16217,1.88E-05,0.00947262,0.009025,3.60E-07,3.60E-07,7.48E-09
2,1,2,26,14033,1.89E-05,0.00936351,0.009025,3.60E-07,3.60E-07,6.77E-09
2,1,2,27,15756,1.91E-05,0.0101445,0.009025,3.60E-07,3.60E-07,7.67E-09
2,1,2,28,15013,1.85E-05,0.00973067,0.009025,3.60E-07,3.60E-07,6.98E-09
2,1,2,29,15089,1.97E-05,0.0100236,0.009025,3.60E-07,3.60E-07,7.49E-09
2,1,2,30,13391,1.97E-05,0.0101252,0.009025,3.60E-07,3.60E-07,6.91E-09
2,1,2,31,14963,2.10E-05,0.0103285,0.009025,3.60E-07,3.60E-07,8.32E-09
2,1,2,32,15224,1.80E-05,0.00902259,0.009025,3.60E-07,3.60E-07,7.25E-09
2,1,2,33,16377,1.82E-05,0.0122868,0.009025,3.60E-07,3.60E-07,7.98E-09
2,1,2,34,18548,1.40E-05,0.00850376,0.009025,3.60E-07,3.60E-07,6.08E-09
2,1,2,35,17620,1.67E-05,0.00913037,0.009025,3.60E-07,3.60E-07,7.13E-09
2,1,2,36,16852,1.53E-05,0.00893288,0.009025,3.60E-07,3.60E-07,6.35E-09
2,1,3,1,7245,0.00023627,1.11E-07,0.0081,1.89E-07,1.89E-07,0.000114722
2,1,3,2,6500,0.000262627,1.26E-07,0.0081,1.89E-07,1.89E-07,0.000127071
2,1,3,3,6113,0.000273944,1.46E-07,0.0081,1.89E-07,1.89E-07,0.00013653
2,1,3,4,3642,0.000495462,2.43E-07,0.0081,1.89E-07,1.89E-07,0.000238933
2,1,3,5,3933,0.000430459,2.09E-07,0.0081,1.89E-07,1.89E-07,0.000214317
2,1,3,6,2416,0.000738181,3.44E-07,0.0081,1.89E-07,1.89E-07,0.000353924
2,1,3,7,4476,0.000401025,2.08E-07,0.0081,1.89E-07,1.89E-07,0.000195453
2,1,3,8,5993,0.000271084,1.38E-07,0.0081,1.89E-07,1.89E-07,0.000134234
2,1,3,9,5728,0.000271913,1.39E-07,0.0081,1.89E-07,1.89E-07,0.000134903
2,1,3,10,7242,0.00023059,1.13E-07,0.0081,1.89E-07,1.89E-07,0.000110818
2,1,3,11,7195,0.000228648,1.12E-07,0.0081,1.89E-07,1.89E-07,0.000111169
2,1,3,12,6126,0.000271197,1.37E-07,0.0081,1.89E-07,1.89E-07,0.000133066
2,1,3,13,5651,0.000312656,1.61E-07,0.0081,1.89E-07,1.89E-07,0.000155445
2,1,3,14,7163,0.000228246,1.09E-07,0.0081,1.89E-07,1.89E-07,0.000110009
2,1,3,15,5859,0.000286188,1.38E-07,0.0081,1.89E-07,1.89E-07,0.000140611
2,1,3,16,5764,0.000305135,1.65E-07,0.0081,1.89E-07,1.89E-07,0.000151478
2,1,3,17,6435,0.000267496,1.40E-07,0.0081,1.89E-07,1.89E-07,0.000133207
2,1,3,18,6556,0.000248463,1.25E-07,0.0081,1.89E-07,1.89E-07,0.000121802
2,1,3,19,7419,0.00022775,1.12E-07,0.0081,1.89E-07,1.89E-07,0.000111048
2,1,3,20,7177,0.000221608,1.12E-07,0.0081,1.89E-07,1.89E-07,0.000108504
2,1,3,21,6259,0.000259631,1.37E-07,0.0081,1.89E-07,1.89E-07,0.000128927
2,1,3,22,6307,0.000266195,1.34E-07,0.0081,1.89E-07,1.89E-07,0.000131382
2,1,3,23,6539,0.000249131,1.23E-07,0.0081,1.89E-07,1.89E-07,0.000122716
2,1,3,24,4896,0.00032611,1.55E-07,0.0081,1.89E-07,1.89E-07,0.000161637
2,1,3,25,3903,0.000448964,2.11E-07,0.0081,1.89E-07,1.89E-07,0.000215246
2,1,3,26,4445,0.000350444,1.64E-07,0.0081,1.89E-07,1.89E-07,0.000173566
2,1,3,27,3385,0.000474664,1.97E-07,0.0081,1.89E-07,1.89E-07,0.000228709
2,1,3,28,2795,0.000595349,2.34E-07,0.0081,1.89E-07,1.89E-07,0.000274409
2,1,3,29,2549,0.000683438,2.82E-07,0.0081,1.89E-07,1.89E-07,0.000318642
2,1,3,30,2586,0.000590927,2.85E-07,0.0081,1.89E-07,1.89E-07,0.000290576
2,1,3,31,2499,0.00066587,3.01E-07,0.0081,1.89E-07,1.89E-07,0.000320178
2,1,3,32,4022,0.000406252,1.75E-07,0.0081,1.89E-07,1.89E-07,0.000190676
2,1,3,33,5031,0.000339937,1.64E-07,0.0081,1.89E-07,1.89E-07,0.00016378
2,1,3,34,7041,0.000241586,1.21E-07,0.0081,1.89E-07,1.89E-07,0.000118366
2,1,3,35,6506,0.000250943,1.26E-07,0.0081,1.89E-07,1.89E-07,0.000121907
2,1,3,36,6384,0.000258388,1.26E-07,0.0081,1.89E-07,1.89E-07,0.000125061
2,1,4,1,34500,1.01E-06,0.00141409,0.0049,1.09E-07,8.70E-08,6.56E-10
2,1,4,2,35236,6.90E-07,0.000441332,0.0049,1.09E-07,8.70E-08,4.80E-10
2,1,4,3,33061,9.39E-07,0.00163445,0.0049,1.09E-07,8.70E-08,6.83E-10
2,1,4,4,34496,7.24E-07,0.00158258,0.0049,1.09E-07,8.70E-08,4.94E-10
2,1,4,5,21589,1.69E-06,0.00103937,0.0049,1.09E-07,8.70E-08,1.37E-09
2,1,4,6,25999,9.67E-07,0.000601134,0.0049,1.09E-07,8.70E-08,6.14E-10
2,1,4,7,29789,1.07E-06,0.0016901,0.0049,1.09E-07,8.70E-08,1.02E-09
2,1,4,8,34176,6.37E-07,0.000263464,0.0049,1.09E-07,8.70E-08,3.15E-10
2,1,4,9,34734,1.09E-06,0.0012185,0.0049,1.09E-07,8.70E-08,7.27E-10
2,1,4,10,33781,7.44E-07,0.000467166,0.0049,1.09E-07,8.70E-08,5.23E-10
2,1,4,11,30697,1.03E-06,0.000673428,0.0049,1.09E-07,8.70E-08,7.92E-10
2,1,4,12,33144,7.40E-07,0.000464261,0.0049,1.09E-07,8.70E-08,5.20E-10
2,1,4,13,34249,1.02E-06,0.000592694,0.0049,1.09E-07,8.70E-08,6.49E-10
2,1,4,14,34772,6.98E-07,0.000438966,0.0049,1.09E-07,8.70E-08,4.86E-10
2,1,4,15,33009,9.47E-07,0.000599581,0.0049,1.09E-07,8.70E-08,6.58E-10
2,1,4,16,34623,7.17E-07,0.00155524,0.0049,1.09E-07,8.70E-08,4.90E-10
2,1,4,17,26569,1.23E-06,0.00207398,0.0049,1.09E-07,8.70E-08,9.32E-10
2,1,4,18,31481,7.89E-07,0.00164523,0.0049,1.09E-07,8.70E-08,5.39E-10
2,1,4,19,32871,1.27E-06,0.00165215,0.0049,1.09E-07,8.70E-08,6.99E-10
2,1,4,20,31628,7.60E-07,0.000476653,0.0049,1.09E-07,8.70E-08,5.20E-10
2,1,4,21,30827,1.05E-06,0.000632616,0.0049,1.09E-07,8.70E-08,8.07E-10
2,1,4,22,32982,4.63E-07,0.00034208,0.0049,1.09E-07,8.70E-08,4.42E-10
2,1,4,23,31655,9.81E-07,0.000620261,0.0049,1.09E-07,8.70E-08,6.80E-10
2,1,4,24,34456,7.09E-07,0.000447348,0.0049,1.09E-07,8.70E-08,4.77E-10
2,1,4,25,32209,9.51E-07,0.00176831,0.0049,1.09E-07,8.70E-08,7.11E-10
2,1,4,26,34294,7.19E-07,0.000465546,0.0049,1.09E-07,8.70E-08,5.03E-10
2,1,4,27,33419,9.28E-07,0.00164695,0.0049,1.09E-07,8.70E-08,6.50E-10
2,1,4,28,34732,3.69E-07,0.000224774,0.0049,1.09E-07,8.70E-08,4.97E-10
2,1,4,29,34833,9.14E-07,0.00146251,0.0049,1.09E-07,8.70E-08,6.35E-10
2,1,4,30,34407,7.16E-07,0.000450523,0.0049,1.09E-07,8.70E-08,5.02E-10
2,1,4,31,33438,9.26E-07,0.00163192,0.0049,1.09E-07,8.70E-08,6.59E-10
2,1,4,32,31171,8.00E-07,0.000509711,0.0049,1.09E-07,8.70E-08,5.65E-10
2,1,4,33,32387,9.74E-07,0.00148888,0.0049,1.09E-07,8.70E-08,8.54E-10
2,1,4,34,33563,7.23E-07,0.00046331,0.0049,1.09E-07,8.70E-08,5.09E-10
2,1,4,35,33842,9.32E-07,0.0013327,0.0049,1.09E-07,8.70E-08,8.00E-10
2,1,4,36,30747,3.46E-07,0.000213867,0.0049,1.09E-07,8.70E-08,2.99E-10
2,2,1,1,66803,2.14E-06,0.000285621,0.007225,8.41E-08,5.55E-07,8.62E-10
2,2,1,2,66592,1.95E-06,0.000260619,0.007225,8.41E-08,5.55E-07,8.03E-10
2,2,1,3,None,0,0,0,0,0,0
2,2,1,4,65696,2.00E-06,0.000262772,0.007225,8.41E-08,5.55E-07,8.40E-10
2,2,1,5,65156,2.22E-06,0.000298971,0.007225,8.41E-08,5.55E-07,8.92E-10
2,2,1,6,65079,2.00E-06,0.000268005,0.007225,8.41E-08,5.55E-07,8.11E-10
2,2,1,7,67128,2.14E-06,0.000284928,0.007225,8.41E-08,5.55E-07,8.65E-10
2,2,1,8,61783,2.12E-06,0.000278842,0.007225,8.41E-08,5.55E-07,8.50E-10
2,2,1,9,40559,3.89E-06,0.000502268,0.007225,8.41E-08,5.55E-07,1.40E-09
2,2,1,10,58669,2.24E-06,0.000300987,0.007225,8.41E-08,5.55E-07,8.96E-10
2,2,1,11,62896,2.30E-06,0.000311191,0.007225,8.41E-08,5.55E-07,1.01E-09
2,2,1,12,64767,2.01E-06,0.000268339,0.007225,8.41E-08,5.55E-07,7.95E-10
2,2,1,13,64146,2.22E-06,0.000283007,0.007225,8.41E-08,5.55E-07,8.93E-10
2,2,1,14,67077,1.95E-06,0.000260502,0.007225,8.41E-08,5.55E-07,7.90E-10
2,2,1,15,67394,2.12E-06,0.000286758,0.007225,8.41E-08,5.55E-07,8.54E-10
2,2,1,16,64394,2.03E-06,0.000273476,0.007225,8.41E-08,5.55E-07,8.31E-10
2,2,1,17,44267,3.21E-06,0.000435299,0.007225,8.41E-08,5.55E-07,1.29E-09
2,2,1,18,64098,2.04E-06,0.000271254,0.007225,8.41E-08,5.55E-07,8.37E-10
2,2,2,1,16957,6.72E-05,0.0399284,0.011025,2.12E-07,1.94E-07,6.87E-09
2,2,2,2,22151,4.37E-05,0.00807368,0.011025,2.12E-07,1.94E-07,4.86E-09
2,2,2,3,14948,7.69E-05,0.0414761,0.011025,2.12E-07,1.94E-07,7.30E-09
2,2,2,4,13692,8.17E-05,0.0380739,0.011025,2.12E-07,1.94E-07,7.63E-09
2,2,2,5,15207,6.81E-05,0.0241193,0.011025,2.12E-07,1.94E-07,6.68E-09
2,2,2,6,15464,8.15E-05,0.0334089,0.011025,2.12E-07,1.94E-07,8.71E-09
2,2,2,7,17759,6.35E-05,0.0304645,0.011025,2.12E-07,1.94E-07,6.58E-09
2,2,2,8,17218,5.63E-05,0.0336234,0.011025,2.12E-07,1.94E-07,5.91E-09
2,2,2,9,20335,4.82E-05,0.0264098,0.011025,2.12E-07,1.94E-07,5.32E-09
2,2,2,10,22741,4.14E-05,0.0246433,0.011025,2.12E-07,1.94E-07,4.68E-09
2,2,2,11,22191,4.35E-05,0.00806918,0.011025,2.12E-07,1.94E-07,4.80E-09
2,2,2,12,19950,4.75E-05,0.0259887,0.011025,2.12E-07,1.94E-07,5.12E-09
2,2,2,13,19634,4.98E-05,0.009463,0.011025,2.12E-07,1.94E-07,5.42E-09
2,2,2,14,23089,4.11E-05,0.0221291,0.011025,2.12E-07,1.94E-07,4.03E-09
2,2,2,15,22526,4.44E-05,0.00792036,0.011025,2.12E-07,1.94E-07,4.96E-09
2,2,2,16,16037,6.07E-05,0.031844,0.011025,2.12E-07,1.94E-07,6.00E-09
2,2,2,17,17409,5.41E-05,0.0120038,0.011025,2.12E-07,1.94E-07,5.41E-09
2,2,2,18,19505,4.80E-05,0.0248956,0.011025,2.12E-07,1.94E-07,4.70E-09
2,2,2,19,23462,4.17E-05,0.0205871,0.011025,2.12E-07,1.94E-07,4.11E-09
2,2,2,20,19255,4.88E-05,0.0259413,0.011025,2.12E-07,1.94E-07,4.27E-09
2,2,2,21,18197,5.18E-05,0.00926748,0.011025,2.12E-07,1.94E-07,5.41E-09
2,2,2,22,20001,4.84E-05,0.0267872,0.011025,2.12E-07,1.94E-07,5.12E-09
2,2,2,23,23118,4.19E-05,0.0239711,0.011025,2.12E-07,1.94E-07,4.61E-09
2,2,2,24,20517,4.97E-05,0.0258716,0.011025,2.12E-07,1.94E-07,5.69E-09
2,2,2,25,18178,5.32E-05,0.030133,0.011025,2.12E-07,1.94E-07,5.44E-09
2,2,2,26,15684,5.95E-05,0.0117607,0.011025,2.12E-07,1.94E-07,6.18E-09
2,2,2,27,16873,5.76E-05,0.0238715,0.011025,2.12E-07,1.94E-07,5.96E-09
2,2,2,28,15436,6.52E-05,0.0348137,0.011025,2.12E-07,1.94E-07,7.41E-09
2,2,2,29,16978,5.50E-05,0.0120466,0.011025,2.12E-07,1.94E-07,5.74E-09
2,2,2,30,13476,7.12E-05,0.0363456,0.011025,2.12E-07,1.94E-07,7.39E-09
2,2,2,31,15551,6.40E-05,0.0338533,0.011025,2.12E-07,1.94E-07,6.50E-09
2,2,2,32,16963,5.49E-05,0.0300908,0.011025,2.12E-07,1.94E-07,5.82E-09
2,2,2,33,17918,5.58E-05,0.0322235,0.011025,2.12E-07,1.94E-07,5.94E-09
2,2,2,34,21944,4.38E-05,0.00810671,0.011025,2.12E-07,1.94E-07,4.88E-09
2,2,2,35,19932,4.70E-05,0.0269155,0.011025,2.12E-07,1.94E-07,5.11E-09
2,2,2,36,19361,4.97E-05,0.028571,0.011025,2.12E-07,1.94E-07,5.60E-09
2,3,1,1,53288,3.72E-06,0.000487844,0.0081,9.92E-08,1.23E-07,1.94E-09
2,3,1,2,55486,3.89E-06,0.000514974,0.0081,9.92E-08,1.23E-07,2.17E-09
2,3,1,3,33407,6.14E-06,0.000621881,0.0081,9.92E-08,1.23E-07,3.95E-09
2,3,1,4,54270,3.95E-06,0.000519022,0.0081,9.92E-08,1.23E-07,2.23E-09
2,3,1,5,53993,3.75E-06,0.000501168,0.0081,9.92E-08,1.23E-07,1.96E-09
2,3,1,6,54593,3.98E-06,0.000537244,0.0081,9.92E-08,1.23E-07,2.14E-09
2,3,1,7,53766,3.67E-06,0.000485171,0.0081,9.92E-08,1.23E-07,1.97E-09
2,3,1,8,55389,3.88E-06,0.000518758,0.0081,9.92E-08,1.23E-07,2.08E-09
2,3,1,9,30442,6.53E-06,0.00101331,0.0081,9.92E-08,1.23E-07,3.60E-09
2,3,1,10,54226,3.99E-06,0.000534662,0.0081,9.92E-08,1.23E-07,2.14E-09
2,3,1,11,53617,3.74E-06,0.000502617,0.0081,9.92E-08,1.23E-07,1.96E-09
2,3,1,12,53754,3.98E-06,0.00053451,0.0081,9.92E-08,1.23E-07,2.19E-09
2,3,1,13,40812,4.88E-06,0.000493059,0.0081,9.92E-08,1.23E-07,2.58E-09
2,3,1,14,56383,3.79E-06,0.000505547,0.0081,9.92E-08,1.23E-07,2.03E-09
2,3,1,15,54323,3.68E-06,0.000493776,0.0081,9.92E-08,1.23E-07,1.92E-09
2,3,1,16,54029,4.02E-06,0.00053861,0.0081,9.92E-08,1.23E-07,2.19E-09
2,3,1,17,51455,3.84E-06,0.000518044,0.0081,9.92E-08,1.23E-07,2.06E-09
2,3,1,18,48948,4.31E-06,0.000576433,0.0081,9.92E-08,1.23E-07,2.36E-09
2,3,2,1,23473,4.26E-05,0.00755856,0.005625,3.60E-07,3.58E-07,5.01E-09
2,3,2,2,24283,4.25E-05,0.00736972,0.005625,3.60E-07,3.58E-07,4.99E-09
2,3,2,3,13772,8.56E-05,0.0489465,0.005625,3.60E-07,3.58E-07,1.97E-08
2,3,2,4,19284,6.58E-05,0.0311707,0.005625,3.60E-07,3.58E-07,6.99E-09
2,3,2,5,17344,7.29E-05,0.0322077,0.005625,3.60E-07,3.58E-07,7.90E-09
2,3,2,6,21005,5.31E-05,0.0282381,0.005625,3.60E-07,3.58E-07,6.25E-09
2,3,2,7,20004,5.73E-05,0.0287993,0.005625,3.60E-07,3.58E-07,6.38E-09
2,3,2,8,19740,5.38E-05,0.0101465,0.005625,3.60E-07,3.58E-07,5.95E-09
2,3,2,9,21631,4.87E-05,0.0269693,0.005625,3.60E-07,3.58E-07,5.48E-09
2,3,2,10,24374,4.10E-05,0.0132023,0.005625,3.60E-07,3.58E-07,5.04E-09
2,3,2,11,22666,4.55E-05,0.0078952,0.005625,3.60E-07,3.58E-07,5.14E-09
2,3,2,12,22681,4.50E-05,0.0250794,0.005625,3.60E-07,3.58E-07,5.19E-09
2,3,2,13,21117,4.96E-05,0.00887596,0.005625,3.60E-07,3.58E-07,5.51E-09
2,3,2,14,24565,4.08E-05,0.019567,0.005625,3.60E-07,3.58E-07,4.10E-09
2,3,2,15,23233,4.50E-05,0.0112614,0.005625,3.60E-07,3.58E-07,4.98E-09
2,3,2,16,20323,5.53E-05,0.0265644,0.005625,3.60E-07,3.58E-07,5.76E-09
2,3,2,17,18867,5.46E-05,0.0103521,0.005625,3.60E-07,3.58E-07,5.60E-09
2,3,2,18,22246,4.72E-05,0.0267978,0.005625,3.60E-07,3.58E-07,5.39E-09
2,3,2,19,23312,4.44E-05,0.0077604,0.005625,3.60E-07,3.58E-07,5.15E-09
2,3,2,20,22116,5.02E-05,0.00824557,0.005625,3.60E-07,3.58E-07,5.64E-09
2,3,2,21,16787,5.94E-05,0.0096354,0.005625,3.60E-07,3.58E-07,8.15E-09
2,3,2,22,22514,4.71E-05,0.0104886,0.005625,3.60E-07,3.58E-07,5.50E-09
2,3,2,23,23881,4.37E-05,0.00746019,0.005625,3.60E-07,3.58E-07,5.04E-09
2,3,2,24,24705,4.22E-05,0.0241804,0.005625,3.60E-07,3.58E-07,4.87E-09
2,3,2,25,19504,5.34E-05,0.00933426,0.005625,3.60E-07,3.58E-07,5.34E-09
2,3,2,26,19604,5.31E-05,0.0293925,0.005625,3.60E-07,3.58E-07,5.31E-09
2,3,2,27,18645,5.60E-05,0.0312588,0.005625,3.60E-07,3.58E-07,5.78E-09
2,3,2,28,20478,5.34E-05,0.0293377,0.005625,3.60E-07,3.58E-07,5.55E-09
2,3,2,29,18664,5.47E-05,0.010297,0.005625,3.60E-07,3.58E-07,5.38E-09
2,3,2,30,18524,5.86E-05,0.0099796,0.005625,3.60E-07,3.58E-07,5.84E-09
2,3,2,31,17532,6.07E-05,0.0107996,0.005625,3.60E-07,3.58E-07,6.01E-09
2,3,2,32,20430,5.15E-05,0.0283659,0.005625,3.60E-07,3.58E-07,5.60E-09
2,3,2,33,19010,5.64E-05,0.032556,0.005625,3.60E-07,3.58E-07,6.37E-09
2,3,2,34,23651,4.29E-05,0.00776286,0.005625,3.60E-07,3.58E-07,5.15E-09
2,3,2,35,20662,5.06E-05,0.0284267,0.005625,3.60E-07,3.58E-07,5.36E-09
2,3,2,36,21701,4.58E-05,0.0237858,0.005625,3.60E-07,3.58E-07,5.46E-09
2,4,1,1,33431,8.20E-06,0.000845137,0.009025,1.85E-07,2.28E-07,5.61E-09
2,4,1,2,43942,6.57E-06,0.000855694,0.009025,1.85E-07,2.28E-07,4.62E-09
2,4,1,3,38262,6.94E-06,0.000914751,0.009025,1.85E-07,2.28E-07,4.72E-09
2,4,1,4,43848,6.66E-06,0.000855426,0.009025,1.85E-07,2.28E-07,4.73E-09
2,4,1,5,42191,6.45E-06,0.000850371,0.009025,1.85E-07,2.28E-07,4.38E-09
2,4,1,6,44179,6.56E-06,0.000874697,0.009025,1.85E-07,2.28E-07,4.49E-09
2,4,1,7,42900,6.33E-06,0.000833086,0.009025,1.85E-07,2.28E-07,4.35E-09
2,4,1,8,44623,6.46E-06,0.000861101,0.009025,1.85E-07,2.28E-07,4.42E-09
2,4,1,9,39259,6.94E-06,0.00091304,0.009025,1.85E-07,2.28E-07,4.71E-09
2,4,1,10,43527,6.51E-06,0.000858318,0.009025,1.85E-07,2.28E-07,4.46E-09
2,4,1,11,36643,7.96E-06,0.00132217,0.009025,1.85E-07,2.28E-07,5.06E-09
2,4,1,12,44212,6.39E-06,0.000853575,0.009025,1.85E-07,2.28E-07,4.34E-09
2,4,1,13,41529,6.48E-06,0.000827285,0.009025,1.85E-07,2.28E-07,4.42E-09
2,4,1,14,45265,6.34E-06,0.000836593,0.009025,1.85E-07,2.28E-07,4.33E-09
2,4,1,15,36944,7.91E-06,0.00128942,0.009025,1.85E-07,2.28E-07,5.00E-09
2,4,1,16,43777,6.63E-06,0.000876559,0.009025,1.85E-07,2.28E-07,4.53E-09
2,4,1,17,41602,6.50E-06,0.000864207,0.009025,1.85E-07,2.28E-07,4.47E-09
2,4,1,18,43481,6.57E-06,0.000868278,0.009025,1.85E-07,2.28E-07,4.53E-09
2,4,2,1,15916,7.14E-05,0.0317769,0.011025,3.03E-07,1.87E-07,8.93E-09
2,4,2,2,23904,4.72E-05,0.0080169,0.011025,3.03E-07,1.87E-07,5.95E-09
2,4,2,3,22217,5.08E-05,0.00811709,0.011025,3.03E-07,1.87E-07,6.46E-09
2,4,2,4,21192,6.45E-05,0.0322827,0.011025,3.03E-07,1.87E-07,8.05E-09
2,4,2,5,16761,7.39E-05,0.0393966,0.011025,3.03E-07,1.87E-07,1.20E-08
2,4,2,6,19993,5.48E-05,0.0337735,0.011025,3.03E-07,1.87E-07,8.51E-09
2,4,2,7,21424,5.85E-05,0.0311855,0.011025,3.03E-07,1.87E-07,7.21E-09
2,4,2,8,15387,9.25E-05,0.0508716,0.011025,3.03E-07,1.87E-07,9.77E-09
2,4,2,9,21974,5.21E-05,0.0302364,0.011025,3.03E-07,1.87E-07,6.38E-09
2,4,2,10,24105,4.63E-05,0.00733064,0.011025,3.03E-07,1.87E-07,5.89E-09
2,4,2,11,22589,5.02E-05,0.0295079,0.011025,3.03E-07,1.87E-07,6.23E-09
2,4,2,12,23290,4.88E-05,0.00791614,0.011025,3.03E-07,1.87E-07,6.23E-09
2,4,2,13,21947,5.18E-05,0.0296004,0.011025,3.03E-07,1.87E-07,6.44E-09
2,4,2,14,24069,4.65E-05,0.0277099,0.011025,3.03E-07,1.87E-07,5.96E-09
2,4,2,15,23601,4.71E-05,0.0108433,0.011025,3.03E-07,1.87E-07,5.73E-09
2,4,2,16,22045,5.78E-05,0.0301093,0.011025,3.03E-07,1.87E-07,6.99E-09
2,4,2,17,18548,6.13E-05,0.0113595,0.011025,3.03E-07,1.87E-07,7.81E-09
2,4,2,18,22974,5.01E-05,0.00783597,0.011025,3.03E-07,1.87E-07,6.08E-09
2,4,2,19,23706,4.58E-05,0.00912382,0.011025,3.03E-07,1.87E-07,5.86E-09
2,4,2,20,23435,5.23E-05,0.0287177,0.011025,3.03E-07,1.87E-07,6.69E-09
2,4,2,21,None,0,0,0,0,0,0
2,4,2,22,22811,4.99E-05,0.0295725,0.011025,3.03E-07,1.87E-07,6.55E-09
2,4,2,23,24028,4.65E-05,0.0272407,0.011025,3.03E-07,1.87E-07,5.91E-09
2,4,2,24,25923,4.34E-05,0.0265189,0.011025,3.03E-07,1.87E-07,5.36E-09
2,4,2,25,20463,5.90E-05,0.0316223,0.011025,3.03E-07,1.87E-07,6.67E-09
2,4,2,26,20520,6.24E-05,0.00950517,0.011025,3.03E-07,1.87E-07,7.32E-09
2,4,2,27,15162,8.19E-05,0.00971095,0.011025,3.03E-07,1.87E-07,9.24E-09
2,4,2,28,21896,5.72E-05,0.0309338,0.011025,3.03E-07,1.87E-07,6.82E-09
2,4,2,29,19411,6.12E-05,0.0326788,0.011025,3.03E-07,1.87E-07,6.77E-09
2,4,2,30,19692,6.38E-05,0.0107618,0.011025,3.03E-07,1.87E-07,7.17E-09
2,4,2,31,18934,6.45E-05,0.0335252,0.011025,3.03E-07,1.87E-07,7.08E-09
2,4,2,32,21384,5.83E-05,0.0314454,0.011025,3.03E-07,1.87E-07,7.35E-09
2,4,2,33,20012,5.97E-05,0.0356805,0.011025,3.03E-07,1.87E-07,7.52E-09
2,4,2,34,22047,5.20E-05,0.0368239,0.011025,3.03E-07,1.87E-07,6.49E-09
2,4,2,35,21271,5.57E-05,0.0303371,0.011025,3.03E-07,1.87E-07,6.65E-09
2,4,2,36,22096,5.21E-05,0.0316775,0.011025,3.03E-07,1.87E-07,6.49E-09
1,1,1,1,571,6.19E-05,0.0372192,0.01,2.30E-07,1.81E-07,4.13E-08
1,1,1,2,78152,3.18E-07,0.000199256,0.01,2.30E-07,1.81E-07,2.25E-10
1,1,1,3,69781,4.32E-07,0.00027013,0.01,2.30E-07,1.81E-07,3.22E-10
1,1,1,4,74746,3.29E-07,0.000208007,0.01,2.30E-07,1.81E-07,2.33E-10
1,1,1,5,64715,4.89E-07,0.000268092,0.01,2.30E-07,1.81E-07,3.51E-10
1,1,1,6,67834,3.59E-07,0.000206471,0.01,2.30E-07,1.81E-07,2.41E-10
1,1,1,7,69149,4.40E-07,0.00027911,0.01,2.30E-07,1.81E-07,3.20E-10
1,1,1,8,73736,3.24E-07,0.000202486,0.01,2.30E-07,1.81E-07,2.26E-10
1,1,1,9,73247,4.07E-07,0.00025618,0.01,2.30E-07,1.81E-07,2.90E-10
1,1,1,10,75412,3.23E-07,0.000203647,0.01,2.30E-07,1.81E-07,2.24E-10
1,1,1,11,69864,4.43E-07,0.000277247,0.01,2.30E-07,1.81E-07,3.27E-10
1,1,1,12,74644,3.24E-07,0.000334483,0.01,2.30E-07,1.81E-07,2.37E-10
1,1,1,13,68241,4.40E-07,0.0002861,0.01,2.30E-07,1.81E-07,3.20E-10
1,1,1,14,74325,3.25E-07,0.000209092,0.01,2.30E-07,1.81E-07,2.31E-10
1,1,1,15,69006,4.72E-07,0.00028907,0.01,2.30E-07,1.81E-07,3.19E-10
1,1,1,16,72180,3.43E-07,0.000215541,0.01,2.30E-07,1.81E-07,2.48E-10
1,1,1,17,62651,5.59E-07,0.000323158,0.01,2.30E-07,1.81E-07,5.50E-10
1,1,1,18,76492,3.29E-07,0.000200915,0.01,2.30E-07,1.81E-07,2.28E-10
1,1,1,19,68637,4.47E-07,0.000280027,0.01,2.30E-07,1.81E-07,3.27E-10
1,1,1,20,73911,3.23E-07,0.000202296,0.01,2.30E-07,1.81E-07,2.24E-10
1,1,1,21,72777,4.17E-07,0.000260923,0.01,2.30E-07,1.81E-07,2.96E-10
1,1,1,22,77936,3.11E-07,0.000195969,0.01,2.30E-07,1.81E-07,2.18E-10
1,1,1,23,71719,4.26E-07,0.000272554,0.01,2.30E-07,1.81E-07,2.95E-10
1,1,1,24,76563,3.21E-07,0.000201978,0.01,2.30E-07,1.81E-07,2.19E-10
1,1,1,25,80137,3.86E-07,0.000242395,0.01,2.30E-07,1.81E-07,2.73E-10
1,1,1,26,80212,3.02E-07,0.000189168,0.01,2.30E-07,1.81E-07,2.11E-10
1,1,1,27,74158,4.11E-07,0.000256041,0.01,2.30E-07,1.81E-07,2.86E-10
1,1,1,28,76319,3.22E-07,0.000204417,0.01,2.30E-07,1.81E-07,2.21E-10
1,1,1,29,73074,4.17E-07,0.000262552,0.01,2.30E-07,1.81E-07,2.94E-10
1,1,1,30,77124,3.68E-07,0.000216916,0.01,2.30E-07,1.81E-07,2.16E-10
1,1,1,31,72033,4.23E-07,0.000266408,0.01,2.30E-07,1.81E-07,3.05E-10
1,1,1,32,44500,5.74E-07,0.000333315,0.01,2.30E-07,1.81E-07,2.98E-10
1,1,1,33,None,0,0,0,0,0,0
1,1,1,34,75883,3.22E-07,0.00020259,0.01,2.30E-07,1.81E-07,2.28E-10
1,1,1,35,74076,4.16E-07,0.000346276,0.01,2.30E-07,1.81E-07,2.99E-10
1,1,1,36,75266,3.35E-07,0.000205764,0.01,2.30E-07,1.81E-07,2.27E-10
1,1,2,1,27797,1.14E-05,0.0064418,0.01,3.03E-07,1.60E-07,4.23E-09
1,1,2,2,33585,8.20E-06,0.00427101,0.01,3.03E-07,1.60E-07,3.23E-09
1,1,2,3,36131,8.45E-06,0.00418626,0.01,3.03E-07,1.60E-07,3.56E-09
1,1,2,4,28743,1.58E-05,0.00462381,0.01,3.03E-07,1.60E-07,5.91E-09
1,1,2,5,34082,9.46E-06,0.00467221,0.01,3.03E-07,1.60E-07,3.85E-09
1,1,2,6,37656,7.11E-06,0.00387646,0.01,3.03E-07,1.60E-07,3.03E-09
1,1,2,7,39200,7.21E-06,0.00411668,0.01,3.03E-07,1.60E-07,3.04E-09
1,1,2,8,35643,7.09E-06,0.00389843,0.01,3.03E-07,1.60E-07,2.78E-09
1,1,2,9,34420,8.90E-06,0.00456943,0.01,3.03E-07,1.60E-07,3.62E-09
1,1,2,10,38818,6.82E-06,0.00383139,0.01,3.03E-07,1.60E-07,2.88E-09
1,1,2,11,36288,8.55E-06,0.00436126,0.01,3.03E-07,1.60E-07,3.58E-09
1,1,2,12,35754,7.14E-06,0.00381577,0.01,3.03E-07,1.60E-07,2.83E-09
1,1,2,13,34312,8.46E-06,0.005908,0.01,3.03E-07,1.60E-07,3.50E-09
1,1,2,14,42794,5.86E-06,0.00338052,0.01,3.03E-07,1.60E-07,2.52E-09
1,1,2,15,42007,6.39E-06,0.00378535,0.01,3.03E-07,1.60E-07,2.75E-09
1,1,2,16,36748,7.07E-06,0.00382977,0.01,3.03E-07,1.60E-07,2.76E-09
1,1,2,17,38627,7.53E-06,0.00412592,0.01,3.03E-07,1.60E-07,3.12E-09
1,1,2,18,38209,6.69E-06,0.00377646,0.01,3.03E-07,1.60E-07,2.77E-09
1,1,2,19,42850,6.56E-06,0.00404635,0.01,3.03E-07,1.60E-07,2.81E-09
1,1,2,20,23667,1.11E-05,0.00449559,0.01,3.03E-07,1.60E-07,4.00E-09
1,1,2,21,20943,1.39E-05,0.0071866,0.01,3.03E-07,1.60E-07,5.44E-09
1,1,2,22,36439,7.18E-06,0.00405927,0.01,3.03E-07,1.60E-07,2.82E-09
1,1,2,23,38558,7.39E-06,0.00410982,0.01,3.03E-07,1.60E-07,3.01E-09
1,1,2,24,38912,6.52E-06,0.00377446,0.01,3.03E-07,1.60E-07,2.78E-09
1,1,2,25,37745,7.72E-06,0.00415785,0.01,3.03E-07,1.60E-07,3.23E-09
1,1,2,26,32591,8.39E-06,0.00412927,0.01,3.03E-07,1.60E-07,3.06E-09
1,1,2,27,32654,8.84E-06,0.00479741,0.01,3.03E-07,1.60E-07,3.33E-09
1,1,2,28,41301,6.46E-06,0.00364421,0.01,3.03E-07,1.60E-07,2.75E-09
1,1,2,29,37947,7.46E-06,0.00434422,0.01,3.03E-07,1.60E-07,3.30E-09
1,1,2,30,27421,1.00E-05,0.00469993,0.01,3.03E-07,1.60E-07,3.35E-09
1,1,2,31,30269,9.98E-06,0.00666083,0.01,3.03E-07,1.60E-07,3.89E-09
1,1,2,32,37849,6.77E-06,0.00391088,0.01,3.03E-07,1.60E-07,2.83E-09
1,1,2,33,42977,6.29E-06,0.00379516,0.01,3.03E-07,1.60E-07,2.71E-09
1,1,2,34,32875,7.74E-06,0.00446657,0.01,3.03E-07,1.60E-07,2.90E-09
1,1,2,35,29808,1.01E-05,0.00494781,0.01,3.03E-07,1.60E-07,3.62E-09
1,1,2,36,32615,8.06E-06,0.00461054,0.01,3.03E-07,1.60E-07,3.03E-09
1,1,3,1,8112,0.000216479,1.09E-07,0.011025,4.90E-07,3.03E-07,0.000107678
1,1,3,2,9662,0.000202585,1.14E-07,0.011025,4.90E-07,3.03E-07,9.43E-05
1,1,3,3,10280,0.000180423,1.05E-07,0.011025,4.90E-07,3.03E-07,8.49E-05
1,1,3,4,7452,0.000313269,1.74E-07,0.011025,4.90E-07,3.03E-07,0.000130755
1,1,3,5,7254,0.000285661,1.46E-07,0.011025,4.90E-07,3.03E-07,0.000129051
1,1,3,6,8296,0.000214699,1.12E-07,0.011025,4.90E-07,3.03E-07,0.00010209
1,1,3,7,12097,0.000138585,7.47E-08,0.011025,4.90E-07,3.03E-07,6.93E-05
1,1,3,8,14771,0.000110849,6.03E-08,0.011025,4.90E-07,3.03E-07,5.51E-05
1,1,3,9,13242,0.000127039,6.53E-08,0.011025,4.90E-07,3.03E-07,6.34E-05
1,1,3,10,7909,0.000206363,8.77E-08,0.011025,4.90E-07,3.03E-07,9.73E-05
1,1,3,11,2666,0.000621414,2.52E-07,0.011025,4.90E-07,3.03E-07,0.000305016
1,1,3,12,4722,0.00033713,1.56E-07,0.011025,4.90E-07,3.03E-07,0.000168092
1,1,3,13,14285,0.000113374,5.83E-08,0.011025,4.90E-07,3.03E-07,5.56E-05
1,1,3,14,16901,9.50E-05,4.72E-08,0.011025,4.90E-07,3.03E-07,4.55E-05
1,1,3,15,15630,0.000101247,5.12E-08,0.011025,4.90E-07,3.03E-07,4.93E-05
1,1,3,16,11354,0.000140944,7.53E-08,0.011025,4.90E-07,3.03E-07,6.94E-05
1,1,3,17,16116,0.000101392,5.36E-08,0.011025,4.90E-07,3.03E-07,5.04E-05
1,1,3,18,10060,0.000176532,8.02E-08,0.011025,4.90E-07,3.03E-07,7.27E-05
1,1,3,19,12686,0.000133669,6.19E-08,0.011025,4.90E-07,3.03E-07,6.29E-05
1,1,3,20,16635,9.81E-05,5.00E-08,0.011025,4.90E-07,3.03E-07,4.74E-05
1,1,3,21,14620,0.000112793,6.11E-08,0.011025,4.90E-07,3.03E-07,5.61E-05
1,1,3,22,15874,0.000104989,5.67E-08,0.011025,4.90E-07,3.03E-07,5.22E-05
1,1,3,23,14981,0.000109249,5.34E-08,0.011025,4.90E-07,3.03E-07,5.33E-05
1,1,3,24,13921,0.000114798,5.83E-08,0.011025,4.90E-07,3.03E-07,5.71E-05
1,1,3,25,10944,0.000168457,1.01E-07,0.011025,4.90E-07,3.03E-07,7.88E-05
1,1,3,26,10007,0.00016158,8.78E-08,0.011025,4.90E-07,3.03E-07,8.08E-05
1,1,3,27,8154,0.00019951,9.93E-08,0.011025,4.90E-07,3.03E-07,9.96E-05
1,1,3,28,16326,9.65E-05,4.82E-08,0.011025,4.90E-07,3.03E-07,4.72E-05
1,1,3,29,14643,0.000107331,5.46E-08,0.011025,4.90E-07,3.03E-07,5.32E-05
1,1,3,30,9783,0.000172826,9.38E-08,0.011025,4.90E-07,3.03E-07,8.63E-05
1,1,3,31,14319,0.000110995,5.91E-08,0.011025,4.90E-07,3.03E-07,5.51E-05
1,1,3,32,16164,9.95E-05,5.04E-08,0.011025,4.90E-07,3.03E-07,4.89E-05
1,1,3,33,14631,0.000112376,5.66E-08,0.011025,4.90E-07,3.03E-07,5.45E-05
1,1,3,34,15645,0.000106793,5.79E-08,0.011025,4.90E-07,3.03E-07,5.32E-05
1,1,3,35,13333,0.000135282,7.76E-08,0.011025,4.90E-07,3.03E-07,6.74E-05
1,1,3,36,7997,0.000212259,1.02E-07,0.011025,4.90E-07,3.03E-07,0.000104808
1,1,4,1,571,6.19E-05,0.0370942,0.01,2.30E-07,1.81E-07,4.13E-08
1,1,4,2,78152,3.18E-07,0.000199348,0.01,2.30E-07,1.81E-07,2.25E-10
1,1,4,3,69781,4.32E-07,0.000270065,0.01,2.30E-07,1.81E-07,3.22E-10
1,1,4,4,74746,3.29E-07,0.000207869,0.01,2.30E-07,1.81E-07,2.33E-10
1,1,4,5,64715,4.89E-07,0.000268031,0.01,2.30E-07,1.81E-07,3.51E-10
1,1,4,6,67834,3.59E-07,0.000206374,0.01,2.30E-07,1.81E-07,2.41E-10
1,1,4,7,69149,4.40E-07,0.000278841,0.01,2.30E-07,1.81E-07,3.20E-10
1,1,4,8,73736,3.24E-07,0.000202335,0.01,2.30E-07,1.81E-07,2.26E-10
1,1,4,9,73247,4.07E-07,0.000255985,0.01,2.30E-07,1.81E-07,2.90E-10
1,1,4,10,75412,3.23E-07,0.000203493,0.01,2.30E-07,1.81E-07,2.24E-10
1,1,4,11,69864,4.43E-07,0.00027714,0.01,2.30E-07,1.81E-07,3.27E-10
1,1,4,12,74644,3.24E-07,0.000334369,0.01,2.30E-07,1.81E-07,2.37E-10
1,1,4,13,68241,4.40E-07,0.000286002,0.01,2.30E-07,1.81E-07,3.20E-10
1,1,4,14,74325,3.25E-07,0.000208992,0.01,2.30E-07,1.81E-07,2.31E-10
1,1,4,15,69006,4.72E-07,0.000289004,0.01,2.30E-07,1.81E-07,3.19E-10
1,1,4,16,72180,3.43E-07,0.000215508,0.01,2.30E-07,1.81E-07,2.48E-10
1,1,4,17,62651,5.59E-07,0.00032331,0.01,2.30E-07,1.81E-07,5.50E-10
1,1,4,18,76492,3.29E-07,0.000200941,0.01,2.30E-07,1.81E-07,2.28E-10
1,1,4,19,68637,4.47E-07,0.00027999,0.01,2.30E-07,1.81E-07,3.27E-10
1,1,4,20,73911,3.23E-07,0.00020231,0.01,2.30E-07,1.81E-07,2.24E-10
1,1,4,21,72777,4.17E-07,0.000260928,0.01,2.30E-07,1.81E-07,2.96E-10
1,1,4,22,77936,3.11E-07,0.000196047,0.01,2.30E-07,1.81E-07,2.18E-10
1,1,4,23,71719,4.26E-07,0.00027269,0.01,2.30E-07,1.81E-07,2.95E-10
1,1,4,24,76563,3.21E-07,0.000202082,0.01,2.30E-07,1.81E-07,2.19E-10
1,1,4,25,80137,3.86E-07,0.00024249,0.01,2.30E-07,1.81E-07,2.73E-10
1,1,4,26,80212,3.02E-07,0.00018934,0.01,2.30E-07,1.81E-07,2.11E-10
1,1,4,27,74158,4.11E-07,0.000256135,0.01,2.30E-07,1.81E-07,2.86E-10
1,1,4,28,76319,3.22E-07,0.000204423,0.01,2.30E-07,1.81E-07,2.21E-10
1,1,4,29,73074,4.17E-07,0.000262614,0.01,2.30E-07,1.81E-07,2.94E-10
1,1,4,30,77124,3.68E-07,0.00021707,0.01,2.30E-07,1.81E-07,2.16E-10
1,1,4,31,72033,4.23E-07,0.000266656,0.01,2.30E-07,1.81E-07,3.05E-10
1,1,4,32,44500,5.74E-07,0.000333634,0.01,2.30E-07,1.81E-07,2.98E-10
1,1,4,33,None,0,0,0,0,0,0
1,1,4,34,75883,3.22E-07,0.000202567,0.01,2.30E-07,1.81E-07,2.28E-10
1,1,4,35,74076,4.16E-07,0.000346345,0.01,2.30E-07,1.81E-07,2.99E-10
1,1,4,36,75266,3.35E-07,0.000205791,0.01,2.30E-07,1.81E-07,2.27E-10
1,2,1,1,138729,1.03E-06,0.000137925,0.0025,8.12E-08,1.52E-07,4.02E-10
1,2,1,2,141861,9.15E-07,0.00012227,0.0025,8.12E-08,1.52E-07,3.76E-10
1,2,1,3,77073,1.89E-06,0.000209115,0.0025,8.12E-08,1.52E-07,7.62E-10
1,2,1,4,138769,9.22E-07,0.000123279,0.0025,8.12E-08,1.52E-07,3.74E-10
1,2,1,5,142136,9.94E-07,0.000132692,0.0025,8.12E-08,1.52E-07,4.03E-10
1,2,1,6,139662,9.27E-07,0.000122948,0.0025,8.12E-08,1.52E-07,3.86E-10
1,2,1,7,133238,1.06E-06,0.000135405,0.0025,8.12E-08,1.52E-07,4.39E-10
1,2,1,8,138094,9.43E-07,0.000125751,0.0025,8.12E-08,1.52E-07,3.89E-10
1,2,1,9,141038,1.02E-06,0.00013607,0.0025,8.12E-08,1.52E-07,4.17E-10
1,2,1,10,141754,9.07E-07,0.000120586,0.0025,8.12E-08,1.52E-07,3.68E-10
1,2,1,11,145092,9.90E-07,0.000227424,0.0025,8.12E-08,1.52E-07,3.99E-10
1,2,1,12,144261,9.03E-07,0.000120112,0.0025,8.12E-08,1.52E-07,3.66E-10
1,2,1,13,153862,9.24E-07,0.000123425,0.0025,8.12E-08,1.52E-07,3.73E-10
1,2,1,14,145618,8.89E-07,0.000118923,0.0025,8.12E-08,1.52E-07,3.57E-10
1,2,1,15,146470,9.70E-07,0.000131226,0.0025,8.12E-08,1.52E-07,3.93E-10
1,2,1,16,142773,9.22E-07,0.00012163,0.0025,8.12E-08,1.52E-07,3.75E-10
1,2,1,17,141754,1.01E-06,0.000134956,0.0025,8.12E-08,1.52E-07,4.09E-10
1,2,1,18,144738,9.00E-07,0.000119959,0.0025,8.12E-08,1.52E-07,3.65E-10
1,2,2,1,38920,2.84E-05,0.0140047,0.009025,1.52E-07,2.26E-07,3.17E-09
1,2,2,2,28973,3.70E-05,0.0174573,0.009025,1.52E-07,2.26E-07,3.66E-09
1,2,2,3,30824,4.28E-05,0.0155394,0.009025,1.52E-07,2.26E-07,3.96E-09
1,2,2,4,21217,7.46E-05,0.0210517,0.009025,1.52E-07,2.26E-07,5.49E-09
1,2,2,5,25658,6.29E-05,0.0244924,0.009025,1.52E-07,2.26E-07,5.59E-09
1,2,2,6,31959,3.83E-05,0.0154583,0.009025,1.52E-07,2.26E-07,3.92E-09
1,2,2,7,41994,2.41E-05,0.0126059,0.009025,1.52E-07,2.26E-07,2.63E-09
1,2,2,8,39653,2.27E-05,0.0141431,0.009025,1.52E-07,2.26E-07,2.34E-09
1,2,2,9,35487,2.79E-05,0.0139755,0.009025,1.52E-07,2.26E-07,2.71E-09
1,2,2,10,42055,2.33E-05,0.0126979,0.009025,1.52E-07,2.26E-07,2.57E-09
1,2,2,11,33998,3.50E-05,0.0153002,0.009025,1.52E-07,2.26E-07,3.46E-09
1,2,2,12,31854,3.46E-05,0.0152748,0.009025,1.52E-07,2.26E-07,3.52E-09
1,2,2,13,43372,2.20E-05,0.0132803,0.009025,1.52E-07,2.26E-07,2.32E-09
1,2,2,14,50714,1.78E-05,0.0094327,0.009025,1.52E-07,2.26E-07,2.03E-09
1,2,2,15,44162,2.21E-05,0.0146481,0.009025,1.52E-07,2.26E-07,2.36E-09
1,2,2,16,44469,1.95E-05,0.006718,0.009025,1.52E-07,2.26E-07,2.15E-09
1,2,2,17,44596,2.09E-05,0.00417377,0.009025,1.52E-07,2.26E-07,2.18E-09
1,2,2,18,43345,2.13E-05,0.00413234,0.009025,1.52E-07,2.26E-07,2.31E-09
1,2,2,19,45923,2.18E-05,0.0152999,0.009025,1.52E-07,2.26E-07,2.35E-09
1,2,2,20,40622,2.21E-05,0.0135655,0.009025,1.52E-07,2.26E-07,2.50E-09
1,2,2,21,36328,2.46E-05,0.014594,0.009025,1.52E-07,2.26E-07,2.64E-09
1,2,2,22,42315,2.19E-05,0.0129655,0.009025,1.52E-07,2.26E-07,2.36E-09
1,2,2,23,44168,2.17E-05,0.00393801,0.009025,1.52E-07,2.26E-07,2.35E-09
1,2,2,24,44264,2.17E-05,0.0118045,0.009025,1.52E-07,2.26E-07,2.41E-09
1,2,2,25,34663,3.28E-05,0.01512,0.009025,1.52E-07,2.26E-07,3.27E-09
1,2,2,26,34557,2.67E-05,0.014932,0.009025,1.52E-07,2.26E-07,2.62E-09
1,2,2,27,34486,2.95E-05,0.0161268,0.009025,1.52E-07,2.26E-07,3.14E-09
1,2,2,28,49528,1.92E-05,0.0036094,0.009025,1.52E-07,2.26E-07,2.12E-09
1,2,2,29,44130,2.18E-05,0.0129723,0.009025,1.52E-07,2.26E-07,2.35E-09
1,2,2,30,28429,3.15E-05,0.01737,0.009025,1.52E-07,2.26E-07,3.08E-09
1,2,2,31,38421,2.49E-05,0.0156207,0.009025,1.52E-07,2.26E-07,2.64E-09
1,2,2,32,43857,2.13E-05,0.0122814,0.009025,1.52E-07,2.26E-07,2.41E-09
1,2,2,33,48679,1.92E-05,0.0113111,0.009025,1.52E-07,2.26E-07,2.14E-09
1,2,2,34,36525,2.54E-05,0.00500817,0.009025,1.52E-07,2.26E-07,2.66E-09
1,2,2,35,28252,3.47E-05,0.0177686,0.009025,1.52E-07,2.26E-07,3.26E-09
1,2,2,36,29042,3.63E-05,0.00665893,0.009025,1.52E-07,2.26E-07,4.13E-09
1,3,1,1,118771,1.71E-06,0.000223148,0.0064,3.24E-08,2.30E-07,8.96E-10
1,3,1,2,117522,1.83E-06,0.000245709,0.0064,3.24E-08,2.30E-07,1.00E-09
1,3,1,3,105939,1.91E-06,0.000246019,0.0064,3.24E-08,2.30E-07,1.06E-09
1,3,1,4,114674,1.86E-06,0.000243915,0.0064,3.24E-08,2.30E-07,1.01E-09
1,3,1,5,115292,1.72E-06,0.000227814,0.0064,3.24E-08,2.30E-07,9.04E-10
1,3,1,6,115406,1.86E-06,0.000244831,0.0064,3.24E-08,2.30E-07,1.04E-09
1,3,1,7,80807,2.45E-06,0.000246633,0.0064,3.24E-08,2.30E-07,1.30E-09
1,3,1,8,114794,1.87E-06,0.000247488,0.0064,3.24E-08,2.30E-07,1.04E-09
1,3,1,9,114334,1.75E-06,0.000233165,0.0064,3.24E-08,2.30E-07,9.35E-10
1,3,1,10,120097,1.77E-06,0.000235222,0.0064,3.24E-08,2.30E-07,9.62E-10
1,3,1,11,116622,1.68E-06,0.000220731,0.0064,3.24E-08,2.30E-07,8.81E-10
1,3,1,12,116706,1.82E-06,0.000253777,0.0064,3.24E-08,2.30E-07,9.74E-10
1,3,1,13,126062,1.57E-06,0.000207863,0.0064,3.24E-08,2.30E-07,8.27E-10
1,3,1,14,123112,1.76E-06,0.000235794,0.0064,3.24E-08,2.30E-07,9.40E-10
1,3,1,15,118942,1.67E-06,0.000224517,0.0064,3.24E-08,2.30E-07,8.73E-10
1,3,1,16,118820,1.79E-06,0.000239238,0.0064,3.24E-08,2.30E-07,9.62E-10
1,3,1,17,115050,1.73E-06,0.000229124,0.0064,3.24E-08,2.30E-07,9.08E-10
1,3,1,18,121749,1.77E-06,0.000237168,0.0064,3.24E-08,2.30E-07,9.61E-10
1,3,2,1,42776,2.61E-05,0.01366,0.005625,1.64E-07,3.84E-07,3.01E-09
1,3,2,2,40762,3.02E-05,0.0145029,0.005625,1.64E-07,3.84E-07,3.45E-09
1,3,2,3,36500,4.20E-05,0.0149276,0.005625,1.64E-07,3.84E-07,4.47E-09
1,3,2,4,36132,6.81E-05,0.0158431,0.005625,1.64E-07,3.84E-07,6.99E-09
1,3,2,5,34075,4.39E-05,0.0122313,0.005625,1.64E-07,3.84E-07,4.57E-09
1,3,2,6,44690,2.66E-05,0.0128743,0.005625,1.64E-07,3.84E-07,3.23E-09
1,3,2,7,44915,2.33E-05,0.0125459,0.005625,1.64E-07,3.84E-07,2.64E-09
1,3,2,8,47168,2.22E-05,0.0125975,0.005625,1.64E-07,3.84E-07,2.44E-09
1,3,2,9,38728,2.95E-05,0.0138235,0.005625,1.64E-07,3.84E-07,3.07E-09
1,3,2,10,49396,2.17E-05,0.0121301,0.005625,1.64E-07,3.84E-07,2.47E-09
1,3,2,11,40055,2.99E-05,0.0142191,0.005625,1.64E-07,3.84E-07,3.21E-09
1,3,2,12,44773,2.54E-05,0.0125978,0.005625,1.64E-07,3.84E-07,2.89E-09
1,3,2,13,44795,2.30E-05,0.0135015,0.005625,1.64E-07,3.84E-07,2.48E-09
1,3,2,14,55278,1.84E-05,0.00349774,0.005625,1.64E-07,3.84E-07,2.18E-09
1,3,2,15,51388,1.94E-05,0.0110094,0.005625,1.64E-07,3.84E-07,2.22E-09
1,3,2,16,48361,2.12E-05,0.00368443,0.005625,1.64E-07,3.84E-07,2.32E-09
1,3,2,17,45128,2.24E-05,0.00415777,0.005625,1.64E-07,3.84E-07,2.41E-09
1,3,2,18,50610,2.08E-05,0.00367697,0.005625,1.64E-07,3.84E-07,2.39E-09
1,3,2,19,47493,2.16E-05,0.0157151,0.005625,1.64E-07,3.84E-07,2.42E-09
1,3,2,20,45612,2.22E-05,0.0124897,0.005625,1.64E-07,3.84E-07,2.18E-09
1,3,2,21,35998,2.63E-05,0.0151994,0.005625,1.64E-07,3.84E-07,2.77E-09
1,3,2,22,48595,2.15E-05,0.0123956,0.005625,1.64E-07,3.84E-07,2.37E-09
1,3,2,23,47002,2.19E-05,0.0122291,0.005625,1.64E-07,3.84E-07,2.39E-09
1,3,2,24,51612,1.98E-05,0.0112593,0.005625,1.64E-07,3.84E-07,2.32E-09
1,3,2,25,41206,2.84E-05,0.0135179,0.005625,1.64E-07,3.84E-07,3.12E-09
1,3,2,26,44184,2.48E-05,0.0130769,0.005625,1.64E-07,3.84E-07,2.57E-09
1,3,2,27,39153,2.68E-05,0.014941,0.005625,1.64E-07,3.84E-07,2.76E-09
1,3,2,28,54513,1.94E-05,0.0113151,0.005625,1.64E-07,3.84E-07,2.27E-09
1,3,2,29,34560,3.09E-05,0.017764,0.005625,1.64E-07,3.84E-07,3.15E-09
1,3,2,30,38659,2.79E-05,0.00480802,0.005625,1.64E-07,3.84E-07,2.71E-09
1,3,2,31,39085,2.61E-05,0.0160547,0.005625,1.64E-07,3.84E-07,2.71E-09
1,3,2,32,48847,2.06E-05,0.0108234,0.005625,1.64E-07,3.84E-07,2.30E-09
1,3,2,33,50400,1.99E-05,0.00361978,0.005625,1.64E-07,3.84E-07,2.29E-09
1,3,2,34,42534,2.56E-05,0.00449878,0.005625,1.64E-07,3.84E-07,2.82E-09
1,3,2,35,32525,3.61E-05,0.0157008,0.005625,1.64E-07,3.84E-07,3.64E-09
1,3,2,36,40825,2.79E-05,0.0147368,0.005625,1.64E-07,3.84E-07,3.06E-09
1,4,1,1,94074,2.95E-06,0.000384545,0.003025,3.03E-07,3.03E-07,2.00E-09
1,4,1,2,95298,3.06E-06,0.000402459,0.003025,3.03E-07,3.03E-07,2.11E-09
1,4,1,3,89835,3.06E-06,0.000397062,0.003025,3.03E-07,3.03E-07,2.08E-09
1,4,1,4,93773,3.05E-06,0.000400809,0.003025,3.03E-07,3.03E-07,2.09E-09
1,4,1,5,90750,2.97E-06,0.000390801,0.003025,3.03E-07,3.03E-07,2.04E-09
1,4,1,6,93167,3.09E-06,0.00040354,0.003025,3.03E-07,3.03E-07,2.15E-09
1,4,1,7,86345,3.13E-06,0.000395329,0.003025,3.03E-07,3.03E-07,2.15E-09
1,4,1,8,92276,3.15E-06,0.000410694,0.003025,3.03E-07,3.03E-07,2.21E-09
1,4,1,9,91829,2.95E-06,0.000385688,0.003025,3.03E-07,3.03E-07,2.03E-09
1,4,1,10,97452,2.91E-06,0.000380359,0.003025,3.03E-07,3.03E-07,2.01E-09
1,4,1,11,93153,2.85E-06,0.00037229,0.003025,3.03E-07,3.03E-07,1.94E-09
1,4,1,12,98576,2.86E-06,0.000379917,0.003025,3.03E-07,3.03E-07,1.95E-09
1,4,1,13,100342,2.70E-06,0.000354175,0.003025,3.03E-07,3.03E-07,1.85E-09
1,4,1,14,99702,2.88E-06,0.000382751,0.003025,3.03E-07,3.03E-07,1.96E-09
1,4,1,15,64136,4.25E-06,0.000690493,0.003025,3.03E-07,3.03E-07,2.88E-09
1,4,1,16,96807,2.97E-06,0.000392792,0.003025,3.03E-07,3.03E-07,2.01E-09
1,4,1,17,91458,2.96E-06,0.000388032,0.003025,3.03E-07,3.03E-07,2.02E-09
1,4,1,18,98443,2.96E-06,0.000390079,0.003025,3.03E-07,3.03E-07,2.03E-09
1,4,2,1,46539,2.46E-05,0.0139456,0.01,3.60E-07,2.35E-07,2.98E-09
1,4,2,2,47813,2.59E-05,0.0143309,0.01,3.60E-07,2.35E-07,3.15E-09
1,4,2,3,43301,3.03E-05,0.014622,0.01,3.60E-07,2.35E-07,3.73E-09
1,4,2,4,43690,4.14E-05,0.0155556,0.01,3.60E-07,2.35E-07,5.21E-09
1,4,2,5,38776,3.65E-05,0.0164661,0.01,3.60E-07,2.35E-07,4.78E-09
1,4,2,6,48711,2.31E-05,0.00383078,0.01,3.60E-07,2.35E-07,3.12E-09
1,4,2,7,47993,2.37E-05,0.0135948,0.01,3.60E-07,2.35E-07,2.85E-09
1,4,2,8,48924,2.40E-05,0.00403958,0.01,3.60E-07,2.35E-07,2.93E-09
1,4,2,9,42057,2.93E-05,0.0147169,0.01,3.60E-07,2.35E-07,3.44E-09
1,4,2,10,51338,2.25E-05,0.013011,0.01,3.60E-07,2.35E-07,2.81E-09
1,4,2,11,43907,2.92E-05,0.00432056,0.01,3.60E-07,2.35E-07,3.52E-09
1,4,2,12,48872,2.47E-05,0.0134665,0.01,3.60E-07,2.35E-07,3.00E-09
1,4,2,13,46886,2.49E-05,0.0143531,0.01,3.60E-07,2.35E-07,2.98E-09
1,4,2,14,55983,2.00E-05,0.00309359,0.01,3.60E-07,2.35E-07,2.53E-09
1,4,2,15,52756,2.07E-05,0.0120714,0.01,3.60E-07,2.35E-07,2.55E-09
1,4,2,16,49883,2.38E-05,0.00724184,0.01,3.60E-07,2.35E-07,2.74E-09
1,4,2,17,47182,2.43E-05,0.00389176,0.01,3.60E-07,2.35E-07,2.89E-09
1,4,2,18,52642,2.16E-05,0.00341138,0.01,3.60E-07,2.35E-07,2.68E-09
1,4,2,19,51690,2.16E-05,0.00386572,0.01,3.60E-07,2.35E-07,2.64E-09
1,4,2,20,46718,2.54E-05,0.0140168,0.01,3.60E-07,2.35E-07,2.84E-09
1,4,2,21,38868,2.94E-05,0.0160735,0.01,3.60E-07,2.35E-07,3.06E-09
1,4,2,22,50593,2.33E-05,0.0132897,0.01,3.60E-07,2.35E-07,2.80E-09
1,4,2,23,48911,2.40E-05,0.0132674,0.01,3.60E-07,2.35E-07,2.86E-09
1,4,2,24,55305,2.05E-05,0.0121381,0.01,3.60E-07,2.35E-07,2.62E-09
1,4,2,25,47293,2.49E-05,0.0134668,0.01,3.60E-07,2.35E-07,2.98E-09
1,4,2,26,47082,2.69E-05,0.0136172,0.01,3.60E-07,2.35E-07,3.20E-09
1,4,2,27,43424,2.68E-05,0.0150211,0.01,3.60E-07,2.35E-07,2.98E-09
1,4,2,28,56150,2.05E-05,0.0122036,0.01,3.60E-07,2.35E-07,2.64E-09
1,4,2,29,46951,2.41E-05,0.0140733,0.01,3.60E-07,2.35E-07,2.93E-09
1,4,2,30,41322,3.20E-05,0.0154544,0.01,3.60E-07,2.35E-07,3.63E-09
1,4,2,31,42228,2.74E-05,0.0163332,0.01,3.60E-07,2.35E-07,3.06E-09
1,4,2,32,45765,2.58E-05,0.018503,0.01,3.60E-07,2.35E-07,3.09E-09
1,4,2,33,51587,2.12E-05,0.0126813,0.01,3.60E-07,2.35E-07,2.62E-09
1,4,2,34,46456,2.56E-05,0.0146568,0.01,3.60E-07,2.35E-07,2.95E-09
1,4,2,35,38791,3.24E-05,0.016073,0.01,3.60E-07,2.35E-07,3.48E-09
1,4,2,36,45600,2.60E-05,0.014991,0.01,3.60E-07,2.35E-07,2.98E-09
2,1,1,1,78004,3.97E-07,0.000252581,0.0049,1.09E-07,8.70E-08,2.82E-10
2,1,1,2,78462,3.08E-07,0.000194418,0.0049,1.09E-07,8.70E-08,2.15E-10
2,1,1,3,73498,4.10E-07,0.000259014,0.0049,1.09E-07,8.70E-08,2.92E-10
2,1,1,4,77835,3.14E-07,0.000197506,0.0049,1.09E-07,8.70E-08,2.17E-10
2,1,1,5,14783,2.32E-06,0.00181742,0.0049,1.09E-07,8.70E-08,1.53E-09
2,1,1,6,63002,3.95E-07,0.000249363,0.0049,1.09E-07,8.70E-08,2.52E-10
2,1,1,7,66293,4.69E-07,0.000292242,0.0049,1.09E-07,8.70E-08,3.68E-10
2,1,1,8,76666,3.13E-07,0.00019615,0.0049,1.09E-07,8.70E-08,2.19E-10
2,1,1,9,75902,3.96E-07,0.000248055,0.0049,1.09E-07,8.70E-08,2.79E-10
2,1,1,10,77643,3.19E-07,0.000200447,0.0049,1.09E-07,8.70E-08,2.21E-10
2,1,1,11,70280,4.56E-07,0.000299735,0.0049,1.09E-07,8.70E-08,3.52E-10
2,1,1,12,74819,3.30E-07,0.000372545,0.0049,1.09E-07,8.70E-08,2.32E-10
2,1,1,13,76840,3.94E-07,0.00024645,0.0049,1.09E-07,8.70E-08,2.75E-10
2,1,1,14,78729,3.10E-07,0.000194053,0.0049,1.09E-07,8.70E-08,2.14E-10
2,1,1,15,74053,4.18E-07,0.000362442,0.0049,1.09E-07,8.70E-08,2.89E-10
2,1,1,16,75210,3.22E-07,0.000202265,0.0049,1.09E-07,8.70E-08,2.17E-10
2,1,1,17,65953,4.67E-07,0.000274057,0.0049,1.09E-07,8.70E-08,3.16E-10
2,1,1,18,71680,3.40E-07,0.00019929,0.0049,1.09E-07,8.70E-08,2.24E-10
2,1,1,19,74365,4.08E-07,0.000257159,0.0049,1.09E-07,8.70E-08,2.84E-10
2,1,1,20,76073,3.29E-07,0.000239363,0.0049,1.09E-07,8.70E-08,2.29E-10
2,1,1,21,45310,6.88E-07,0.00042608,0.0049,1.09E-07,8.70E-08,4.55E-10
2,1,1,22,72126,3.42E-07,0.000215503,0.0049,1.09E-07,8.70E-08,2.35E-10
2,1,1,23,64168,4.81E-07,0.000304165,0.0049,1.09E-07,8.70E-08,3.38E-10
2,1,1,24,77456,3.14E-07,0.000196786,0.0049,1.09E-07,8.70E-08,2.14E-10
2,1,1,25,74255,4.12E-07,0.000268049,0.0049,1.09E-07,8.70E-08,2.85E-10
2,1,1,26,75833,3.21E-07,0.000208395,0.0049,1.09E-07,8.70E-08,2.24E-10
2,1,1,27,71913,4.23E-07,0.0002686,0.0049,1.09E-07,8.70E-08,2.95E-10
2,1,1,28,69386,3.58E-07,0.00022582,0.0049,1.09E-07,8.70E-08,2.48E-10
2,1,1,29,78165,3.92E-07,0.000246825,0.0049,1.09E-07,8.70E-08,2.74E-10
2,1,1,30,77176,3.13E-07,0.000199592,0.0049,1.09E-07,8.70E-08,2.16E-10
2,1,1,31,75685,4.05E-07,0.000253705,0.0049,1.09E-07,8.70E-08,2.89E-10
2,1,1,32,75152,3.35E-07,0.000229505,0.0049,1.09E-07,8.70E-08,2.45E-10
2,1,1,33,75036,4.04E-07,0.000253658,0.0049,1.09E-07,8.70E-08,2.89E-10
2,1,1,34,76288,3.18E-07,0.000201211,0.0049,1.09E-07,8.70E-08,2.22E-10
2,1,1,35,75166,4.01E-07,0.000253732,0.0049,1.09E-07,8.70E-08,2.84E-10
2,1,1,36,77983,3.14E-07,0.000196101,0.0049,1.09E-07,8.70E-08,2.17E-10
2,1,2,1,44484,6.11E-06,0.00367643,0.009025,3.60E-07,3.60E-07,2.76E-09
2,1,2,2,42897,5.94E-06,0.00346328,0.009025,3.60E-07,3.60E-07,2.58E-09
2,1,2,3,42909,6.41E-06,0.0037371,0.009025,3.60E-07,3.60E-07,2.91E-09
2,1,2,4,36992,8.42E-06,0.00404032,0.009025,3.60E-07,3.60E-07,3.48E-09
2,1,2,5,39954,7.63E-06,0.00391366,0.009025,3.60E-07,3.60E-07,3.57E-09
2,1,2,6,41003,6.23E-06,0.00348756,0.009025,3.60E-07,3.60E-07,2.74E-09
2,1,2,7,41603,6.89E-06,0.00386066,0.009025,3.60E-07,3.60E-07,3.15E-09
2,1,2,8,36233,7.54E-06,0.00393641,0.009025,3.60E-07,3.60E-07,3.15E-09
2,1,2,9,43265,6.36E-06,0.00372735,0.009025,3.60E-07,3.60E-07,2.83E-09
2,1,2,10,43733,5.92E-06,0.00353025,0.009025,3.60E-07,3.60E-07,2.60E-09
2,1,2,11,43785,6.34E-06,0.00369905,0.009025,3.60E-07,3.60E-07,2.84E-09
2,1,2,12,41089,6.20E-06,0.00346592,0.009025,3.60E-07,3.60E-07,2.67E-09
2,1,2,13,42732,6.56E-06,0.00374089,0.009025,3.60E-07,3.60E-07,2.94E-09
2,1,2,14,43753,5.72E-06,0.00332905,0.009025,3.60E-07,3.60E-07,2.51E-09
2,1,2,15,45622,5.91E-06,0.00354671,0.009025,3.60E-07,3.60E-07,2.63E-09
2,1,2,16,37938,7.55E-06,0.00376808,0.009025,3.60E-07,3.60E-07,3.12E-09
2,1,2,17,36643,8.03E-06,0.00419321,0.009025,3.60E-07,3.60E-07,3.38E-09
2,1,2,18,39097,6.67E-06,0.00377284,0.009025,3.60E-07,3.60E-07,2.72E-09
2,1,2,19,45583,6.06E-06,0.00365232,0.009025,3.60E-07,3.60E-07,2.78E-09
2,1,2,20,38807,7.14E-06,0.00364547,0.009025,3.60E-07,3.60E-07,3.04E-09
2,1,2,21,37444,7.46E-06,0.00393568,0.009025,3.60E-07,3.60E-07,3.53E-09
2,1,2,22,41850,6.18E-06,0.0035376,0.009025,3.60E-07,3.60E-07,2.66E-09
2,1,2,23,44683,6.07E-06,0.00353336,0.009025,3.60E-07,3.60E-07,2.71E-09
2,1,2,24,43347,5.80E-06,0.00343166,0.009025,3.60E-07,3.60E-07,2.50E-09
2,1,2,25,36979,8.10E-06,0.00411272,0.009025,3.60E-07,3.60E-07,3.29E-09
2,1,2,26,31782,8.58E-06,0.00416115,0.009025,3.60E-07,3.60E-07,3.06E-09
2,1,2,27,36336,8.28E-06,0.00435505,0.009025,3.60E-07,3.60E-07,3.37E-09
2,1,2,28,34152,8.10E-06,0.00421216,0.009025,3.60E-07,3.60E-07,3.08E-09
2,1,2,29,33818,8.89E-06,0.00461448,0.009025,3.60E-07,3.60E-07,3.40E-09
2,1,2,30,30486,8.69E-06,0.00441651,0.009025,3.60E-07,3.60E-07,3.01E-09
2,1,2,31,33347,9.30E-06,0.00464562,0.009025,3.60E-07,3.60E-07,3.74E-09
2,1,2,32,33260,8.52E-06,0.00403799,0.009025,3.60E-07,3.60E-07,3.23E-09
2,1,2,33,35474,8.41E-06,0.00570798,0.009025,3.60E-07,3.60E-07,3.72E-09
2,1,2,34,42117,6.21E-06,0.00372474,0.009025,3.60E-07,3.60E-07,2.68E-09
2,1,2,35,40885,6.86E-06,0.003767,0.009025,3.60E-07,3.60E-07,3.06E-09
2,1,2,36,41209,6.06E-06,0.00365294,0.009025,3.60E-07,3.60E-07,2.61E-09
2,1,3,1,15328,0.000110582,5.25E-08,0.0081,1.89E-07,1.89E-07,5.35E-05
2,1,3,2,14067,0.000115074,5.41E-08,0.0081,1.89E-07,1.89E-07,5.54E-05
2,1,3,3,13871,0.000116953,6.18E-08,0.0081,1.89E-07,1.89E-07,5.80E-05
2,1,3,4,7792,0.000239736,1.20E-07,0.0081,1.89E-07,1.89E-07,0.000116613
2,1,3,5,8897,0.000172959,8.39E-08,0.0081,1.89E-07,1.89E-07,8.60E-05
2,1,3,6,5637,0.000313737,1.42E-07,0.0081,1.89E-07,1.89E-07,0.000150777
2,1,3,7,9518,0.000188679,9.85E-08,0.0081,1.89E-07,1.89E-07,9.24E-05
2,1,3,8,12239,0.000130919,6.61E-08,0.0081,1.89E-07,1.89E-07,6.48E-05
2,1,3,9,13083,0.000120152,6.05E-08,0.0081,1.89E-07,1.89E-07,5.95E-05
2,1,3,10,16372,0.000100269,4.80E-08,0.0081,1.89E-07,1.89E-07,4.88E-05
2,1,3,11,14651,0.000115075,5.53E-08,0.0081,1.89E-07,1.89E-07,5.64E-05
2,1,3,12,13352,0.000123843,6.31E-08,0.0081,1.89E-07,1.89E-07,6.07E-05
2,1,3,13,12129,0.00013781,6.97E-08,0.0081,1.89E-07,1.89E-07,6.88E-05
2,1,3,14,16402,9.90E-05,4.80E-08,0.0081,1.89E-07,1.89E-07,4.75E-05
2,1,3,15,12925,0.000123748,5.89E-08,0.0081,1.89E-07,1.89E-07,6.06E-05
2,1,3,16,12360,0.000136291,7.46E-08,0.0081,1.89E-07,1.89E-07,6.78E-05
2,1,3,17,14320,0.000113847,5.90E-08,0.0081,1.89E-07,1.89E-07,5.66E-05
2,1,3,18,15008,0.000106426,5.33E-08,0.0081,1.89E-07,1.89E-07,5.17E-05
2,1,3,19,16670,0.000101369,5.01E-08,0.0081,1.89E-07,1.89E-07,4.89E-05
2,1,3,20,16364,0.000100603,4.98E-08,0.0081,1.89E-07,1.89E-07,4.89E-05
2,1,3,21,14179,0.000118072,6.13E-08,0.0081,1.89E-07,1.89E-07,5.81E-05
2,1,3,22,14153,0.000117924,5.96E-08,0.0081,1.89E-07,1.89E-07,5.81E-05
2,1,3,23,14563,0.000113294,5.39E-08,0.0081,1.89E-07,1.89E-07,5.57E-05
2,1,3,24,11377,0.000138343,6.49E-08,0.0081,1.89E-07,1.89E-07,6.90E-05
2,1,3,25,8612,0.000193626,8.92E-08,0.0081,1.89E-07,1.89E-07,9.29E-05
2,1,3,26,10401,0.000150453,7.08E-08,0.0081,1.89E-07,1.89E-07,7.48E-05
2,1,3,27,6978,0.000228489,9.36E-08,0.0081,1.89E-07,1.89E-07,0.000108771
2,1,3,28,6668,0.000243865,9.69E-08,0.0081,1.89E-07,1.89E-07,0.000111963
2,1,3,29,5947,0.000292238,1.22E-07,0.0081,1.89E-07,1.89E-07,0.000134093
2,1,3,30,5847,0.000266924,1.29E-07,0.0081,1.89E-07,1.89E-07,0.000131097
2,1,3,31,5850,0.000281274,1.24E-07,0.0081,1.89E-07,1.89E-07,0.000135385
2,1,3,32,8905,0.000181174,7.67E-08,0.0081,1.89E-07,1.89E-07,8.57E-05
2,1,3,33,10720,0.000155027,7.47E-08,0.0081,1.89E-07,1.89E-07,7.45E-05
2,1,3,34,15563,0.000105954,5.28E-08,0.0081,1.89E-07,1.89E-07,5.18E-05
2,1,3,35,12671,0.000130847,6.60E-08,0.0081,1.89E-07,1.89E-07,6.44E-05
2,1,3,36,12652,0.000123943,6.13E-08,0.0081,1.89E-07,1.89E-07,6.02E-05
2,1,4,1,78004,3.97E-07,0.000252508,0.0049,1.09E-07,8.70E-08,2.82E-10
2,1,4,2,78462,3.08E-07,0.000194487,0.0049,1.09E-07,8.70E-08,2.15E-10
2,1,4,3,73498,4.10E-07,0.000258911,0.0049,1.09E-07,8.70E-08,2.92E-10
2,1,4,4,77835,3.14E-07,0.000197428,0.0049,1.09E-07,8.70E-08,2.17E-10
2,1,4,5,14783,2.32E-06,0.00181534,0.0049,1.09E-07,8.70E-08,1.53E-09
2,1,4,6,63002,3.95E-07,0.000249068,0.0049,1.09E-07,8.70E-08,2.52E-10
2,1,4,7,66293,4.69E-07,0.000292017,0.0049,1.09E-07,8.70E-08,3.68E-10
2,1,4,8,76666,3.13E-07,0.000195965,0.0049,1.09E-07,8.70E-08,2.19E-10
2,1,4,9,75902,3.96E-07,0.000247983,0.0049,1.09E-07,8.70E-08,2.79E-10
2,1,4,10,77643,3.19E-07,0.000200451,0.0049,1.09E-07,8.70E-08,2.21E-10
2,1,4,11,70280,4.56E-07,0.000299854,0.0049,1.09E-07,8.70E-08,3.52E-10
2,1,4,12,74819,3.30E-07,0.000372379,0.0049,1.09E-07,8.70E-08,2.32E-10
2,1,4,13,76840,3.94E-07,0.000246419,0.0049,1.09E-07,8.70E-08,2.75E-10
2,1,4,14,78729,3.10E-07,0.00019402,0.0049,1.09E-07,8.70E-08,2.14E-10
2,1,4,15,74053,4.18E-07,0.000362437,0.0049,1.09E-07,8.70E-08,2.89E-10
2,1,4,16,75210,3.22E-07,0.000202274,0.0049,1.09E-07,8.70E-08,2.17E-10
2,1,4,17,65953,4.67E-07,0.000274024,0.0049,1.09E-07,8.70E-08,3.16E-10
2,1,4,18,71680,3.40E-07,0.000199201,0.0049,1.09E-07,8.70E-08,2.24E-10
2,1,4,19,74365,4.08E-07,0.00025736,0.0049,1.09E-07,8.70E-08,2.84E-10
2,1,4,20,76073,3.29E-07,0.000239454,0.0049,1.09E-07,8.70E-08,2.29E-10
2,1,4,21,45310,6.88E-07,0.000426362,0.0049,1.09E-07,8.70E-08,4.55E-10
2,1,4,22,72126,3.42E-07,0.000215583,0.0049,1.09E-07,8.70E-08,2.35E-10
2,1,4,23,64168,4.81E-07,0.000304248,0.0049,1.09E-07,8.70E-08,3.38E-10
2,1,4,24,77456,3.14E-07,0.000196949,0.0049,1.09E-07,8.70E-08,2.14E-10
2,1,4,25,74255,4.12E-07,0.000268162,0.0049,1.09E-07,8.70E-08,2.85E-10
2,1,4,26,75833,3.21E-07,0.00020856,0.0049,1.09E-07,8.70E-08,2.24E-10
2,1,4,27,71913,4.23E-07,0.000268694,0.0049,1.09E-07,8.70E-08,2.95E-10
2,1,4,28,69386,3.58E-07,0.00022575,0.0049,1.09E-07,8.70E-08,2.48E-10
2,1,4,29,78165,3.92E-07,0.000246846,0.0049,1.09E-07,8.70E-08,2.74E-10
2,1,4,30,77176,3.13E-07,0.000199722,0.0049,1.09E-07,8.70E-08,2.16E-10
2,1,4,31,75685,4.05E-07,0.000253822,0.0049,1.09E-07,8.70E-08,2.89E-10
2,1,4,32,75152,3.35E-07,0.000229626,0.0049,1.09E-07,8.70E-08,2.45E-10
2,1,4,33,75036,4.04E-07,0.000253811,0.0049,1.09E-07,8.70E-08,2.89E-10
2,1,4,34,76288,3.18E-07,0.000201233,0.0049,1.09E-07,8.70E-08,2.22E-10
2,1,4,35,75166,4.01E-07,0.000253812,0.0049,1.09E-07,8.70E-08,2.84E-10
2,1,4,36,77983,3.14E-07,0.000195993,0.0049,1.09E-07,8.70E-08,2.17E-10
2,2,1,1,148352,9.65E-07,0.000127548,0.007225,8.41E-08,5.55E-07,3.90E-10
2,2,1,2,146360,8.83E-07,0.00011785,0.007225,8.41E-08,5.55E-07,3.58E-10
2,2,1,3,None,0,0,0,0,0,0
2,2,1,4,144450,8.94E-07,0.000120095,0.007225,8.41E-08,5.55E-07,3.79E-10
2,2,1,5,143743,9.93E-07,0.000133306,0.007225,8.41E-08,5.55E-07,4.00E-10
2,2,1,6,146874,8.86E-07,0.000118524,0.007225,8.41E-08,5.55E-07,3.58E-10
2,2,1,7,148964,1.10E-06,0.000149609,0.007225,8.41E-08,5.55E-07,3.82E-10
2,2,1,8,131190,9.86E-07,0.000128713,0.007225,8.41E-08,5.55E-07,3.89E-10
2,2,1,9,86033,1.79E-06,0.00023019,0.007225,8.41E-08,5.55E-07,6.52E-10
2,2,1,10,126897,1.02E-06,0.000138028,0.007225,8.41E-08,5.55E-07,4.06E-10
2,2,1,11,114138,1.30E-06,0.000179541,0.007225,8.41E-08,5.55E-07,5.00E-10
2,2,1,12,138987,9.40E-07,0.000125511,0.007225,8.41E-08,5.55E-07,3.77E-10
2,2,1,13,141356,1.01E-06,0.00012801,0.007225,8.41E-08,5.55E-07,4.05E-10
2,2,1,14,141082,9.25E-07,0.0001251,0.007225,8.41E-08,5.55E-07,3.71E-10
2,2,1,15,149332,9.45E-07,0.000127803,0.007225,8.41E-08,5.55E-07,3.80E-10
2,2,1,16,146947,8.86E-07,0.000117178,0.007225,8.41E-08,5.55E-07,3.63E-10
2,2,1,17,92567,1.55E-06,0.000211346,0.007225,8.41E-08,5.55E-07,6.14E-10
2,2,1,18,149053,8.61E-07,0.000114897,0.007225,8.41E-08,5.55E-07,3.50E-10
2,2,2,1,53314,1.81E-05,0.010656,0.011025,2.12E-07,1.94E-07,2.10E-09
2,2,2,2,51225,1.85E-05,0.0108452,0.011025,2.12E-07,1.94E-07,2.07E-09
2,2,2,3,35161,3.27E-05,0.0180866,0.011025,2.12E-07,1.94E-07,3.10E-09
2,2,2,4,36028,3.20E-05,0.0142218,0.011025,2.12E-07,1.94E-07,2.96E-09
2,2,2,5,38359,2.93E-05,0.0128562,0.011025,2.12E-07,1.94E-07,2.88E-09
2,2,2,6,38212,3.27E-05,0.0129811,0.011025,2.12E-07,1.94E-07,3.48E-09
2,2,2,7,41597,2.77E-05,0.0128008,0.011025,2.12E-07,1.94E-07,2.84E-09
2,2,2,8,39760,2.44E-05,0.0138951,0.011025,2.12E-07,1.94E-07,2.48E-09
2,2,2,9,48794,2.03E-05,0.0111546,0.011025,2.12E-07,1.94E-07,2.26E-09
2,2,2,10,52216,1.84E-05,0.0106794,0.011025,2.12E-07,1.94E-07,2.07E-09
2,2,2,11,51019,1.92E-05,0.00356327,0.011025,2.12E-07,1.94E-07,2.14E-09
2,2,2,12,44847,2.07E-05,0.00403986,0.011025,2.12E-07,1.94E-07,2.18E-09
2,2,2,13,45777,2.19E-05,0.0119968,0.011025,2.12E-07,1.94E-07,2.38E-09
2,2,2,14,52107,1.77E-05,0.0102623,0.011025,2.12E-07,1.94E-07,2.00E-09
2,2,2,15,51700,1.88E-05,0.0100863,0.011025,2.12E-07,1.94E-07,2.06E-09
2,2,2,16,38366,2.61E-05,0.0132343,0.011025,2.12E-07,1.94E-07,2.55E-09
2,2,2,17,40282,2.38E-05,0.0138208,0.011025,2.12E-07,1.94E-07,2.32E-09
2,2,2,18,45208,2.09E-05,0.0117651,0.011025,2.12E-07,1.94E-07,2.20E-09
2,2,2,19,54318,1.81E-05,0.0106316,0.011025,2.12E-07,1.94E-07,2.05E-09
2,2,2,20,42664,2.18E-05,0.0123388,0.011025,2.12E-07,1.94E-07,2.15E-09
2,2,2,21,44737,2.15E-05,0.0115278,0.011025,2.12E-07,1.94E-07,2.27E-09
2,2,2,22,46956,2.01E-05,0.011201,0.011025,2.12E-07,1.94E-07,2.17E-09
2,2,2,23,52326,1.84E-05,0.0105002,0.011025,2.12E-07,1.94E-07,2.09E-09
2,2,2,24,48041,2.05E-05,0.010635,0.011025,2.12E-07,1.94E-07,2.32E-09
2,2,2,25,41112,2.32E-05,0.0130876,0.011025,2.12E-07,1.94E-07,2.38E-09
2,2,2,26,34838,2.64E-05,0.0056653,0.011025,2.12E-07,1.94E-07,2.66E-09
2,2,2,27,38115,2.56E-05,0.0138647,0.011025,2.12E-07,1.94E-07,2.66E-09
2,2,2,28,36320,2.66E-05,0.0141921,0.011025,2.12E-07,1.94E-07,2.98E-09
2,2,2,29,38843,2.47E-05,0.0145469,0.011025,2.12E-07,1.94E-07,2.61E-09
2,2,2,30,30930,3.07E-05,0.0159471,0.011025,2.12E-07,1.94E-07,3.19E-09
2,2,2,31,35934,2.84E-05,0.0151236,0.011025,2.12E-07,1.94E-07,2.92E-09
2,2,2,32,36757,2.50E-05,0.0138134,0.011025,2.12E-07,1.94E-07,2.59E-09
2,2,2,33,41068,2.40E-05,0.0137632,0.011025,2.12E-07,1.94E-07,2.56E-09
2,2,2,34,48613,1.96E-05,0.0113908,0.011025,2.12E-07,1.94E-07,2.18E-09
2,2,2,35,45951,2.10E-05,0.011693,0.011025,2.12E-07,1.94E-07,2.24E-09
2,2,2,36,46701,1.80E-05,0.0087785,0.011025,2.12E-07,1.94E-07,2.27E-09
2,3,1,1,118770,1.67E-06,0.000218627,0.0081,9.92E-08,1.23E-07,8.79E-10
2,3,1,2,123294,1.71E-06,0.000228181,0.0081,9.92E-08,1.23E-07,9.28E-10
2,3,1,3,75439,2.76E-06,0.000276573,0.0081,9.92E-08,1.23E-07,1.71E-09
2,3,1,4,120958,1.77E-06,0.00023447,0.0081,9.92E-08,1.23E-07,9.93E-10
2,3,1,5,119243,1.66E-06,0.000221058,0.0081,9.92E-08,1.23E-07,8.82E-10
2,3,1,6,124572,1.71E-06,0.00023103,0.0081,9.92E-08,1.23E-07,9.24E-10
2,3,1,7,121512,1.62E-06,0.000215004,0.0081,9.92E-08,1.23E-07,8.48E-10
2,3,1,8,121109,1.76E-06,0.000234692,0.0081,9.92E-08,1.23E-07,9.48E-10
2,3,1,9,73091,2.73E-06,0.000405378,0.0081,9.92E-08,1.23E-07,1.49E-09
2,3,1,10,123160,1.73E-06,0.00023201,0.0081,9.92E-08,1.23E-07,9.31E-10
2,3,1,11,93398,2.16E-06,0.000300074,0.0081,9.92E-08,1.23E-07,1.09E-09
2,3,1,12,116616,1.84E-06,0.000246833,0.0081,9.92E-08,1.23E-07,9.88E-10
2,3,1,13,91615,2.16E-06,0.000218643,0.0081,9.92E-08,1.23E-07,1.14E-09
2,3,1,14,119830,1.77E-06,0.000240531,0.0081,9.92E-08,1.23E-07,9.61E-10
2,3,1,15,120975,1.62E-06,0.000219769,0.0081,9.92E-08,1.23E-07,8.45E-10
2,3,1,16,124546,1.73E-06,0.000230347,0.0081,9.92E-08,1.23E-07,9.35E-10
2,3,1,17,115599,1.71E-06,0.000235664,0.0081,9.92E-08,1.23E-07,9.01E-10
2,3,1,18,109371,1.95E-06,0.000259121,0.0081,9.92E-08,1.23E-07,1.05E-09
2,3,2,1,54289,1.88E-05,0.0110667,0.005625,3.60E-07,3.58E-07,2.24E-09
2,3,2,2,55866,1.83E-05,0.0109755,0.005625,3.60E-07,3.58E-07,2.18E-09
2,3,2,3,32569,3.71E-05,0.0214883,0.005625,3.60E-07,3.58E-07,8.15E-09
2,3,2,4,47505,2.64E-05,0.0127356,0.005625,3.60E-07,3.58E-07,2.95E-09
2,3,2,5,43034,2.80E-05,0.0127861,0.005625,3.60E-07,3.58E-07,3.18E-09
2,3,2,6,50248,2.15E-05,0.0114431,0.005625,3.60E-07,3.58E-07,2.66E-09
2,3,2,7,45537,2.52E-05,0.0124286,0.005625,3.60E-07,3.58E-07,2.98E-09
2,3,2,8,47414,2.28E-05,0.0125169,0.005625,3.60E-07,3.58E-07,2.61E-09
2,3,2,9,50840,2.01E-05,0.0115592,0.005625,3.60E-07,3.58E-07,2.34E-09
2,3,2,10,56470,1.83E-05,0.0105932,0.005625,3.60E-07,3.58E-07,1.97E-09
2,3,2,11,51750,1.99E-05,0.0115912,0.005625,3.60E-07,3.58E-07,2.31E-09
2,3,2,12,52023,1.99E-05,0.0109086,0.005625,3.60E-07,3.58E-07,2.29E-09
2,3,2,13,48715,2.11E-05,0.0118815,0.005625,3.60E-07,3.58E-07,2.38E-09
2,3,2,14,56535,1.79E-05,0.0105958,0.005625,3.60E-07,3.58E-07,2.16E-09
2,3,2,15,53789,1.88E-05,0.0045159,0.005625,3.60E-07,3.58E-07,2.12E-09
2,3,2,16,48576,2.13E-05,0.00878508,0.005625,3.60E-07,3.58E-07,2.71E-09
2,3,2,17,42759,2.41E-05,0.00482601,0.005625,3.60E-07,3.58E-07,2.50E-09
2,3,2,18,51389,2.04E-05,0.0115794,0.005625,3.60E-07,3.58E-07,2.34E-09
2,3,2,19,53589,1.90E-05,0.00969315,0.005625,3.60E-07,3.58E-07,1.95E-09
2,3,2,20,50806,2.17E-05,0.011732,0.005625,3.60E-07,3.58E-07,2.42E-09
2,3,2,21,45334,2.23E-05,0.00374293,0.005625,3.60E-07,3.58E-07,2.59E-09
2,3,2,22,53185,1.96E-05,0.00901913,0.005625,3.60E-07,3.58E-07,2.11E-09
2,3,2,23,53537,1.88E-05,0.010809,0.005625,3.60E-07,3.58E-07,2.18E-09
2,3,2,24,57125,1.77E-05,0.00319594,0.005625,3.60E-07,3.58E-07,2.10E-09
2,3,2,25,44090,2.30E-05,0.0130661,0.005625,3.60E-07,3.58E-07,2.35E-09
2,3,2,26,44249,2.40E-05,0.0132021,0.005625,3.60E-07,3.58E-07,2.42E-09
2,3,2,27,42316,2.46E-05,0.0135501,0.005625,3.60E-07,3.58E-07,2.54E-09
2,3,2,28,46556,2.32E-05,0.0127843,0.005625,3.60E-07,3.58E-07,2.45E-09
2,3,2,29,41916,2.42E-05,0.0140941,0.005625,3.60E-07,3.58E-07,2.40E-09
2,3,2,30,42383,2.50E-05,0.0133528,0.005625,3.60E-07,3.58E-07,2.49E-09
2,3,2,31,39962,2.64E-05,0.0145442,0.005625,3.60E-07,3.58E-07,2.66E-09
2,3,2,32,45432,2.34E-05,0.0127106,0.005625,3.60E-07,3.58E-07,2.40E-09
2,3,2,33,44081,2.39E-05,0.0139702,0.005625,3.60E-07,3.58E-07,2.69E-09
2,3,2,34,53157,1.86E-05,0.00625721,0.005625,3.60E-07,3.58E-07,2.29E-09
2,3,2,35,47803,2.13E-05,0.012019,0.005625,3.60E-07,3.58E-07,2.36E-09
2,3,2,36,53246,1.92E-05,0.00350572,0.005625,3.60E-07,3.58E-07,2.25E-09
2,4,1,1,75209,3.63E-06,0.000372767,0.009025,1.85E-07,2.28E-07,2.50E-09
2,4,1,2,98819,2.87E-06,0.000377229,0.009025,1.85E-07,2.28E-07,1.96E-09
2,4,1,3,85648,3.14E-06,0.000409336,0.009025,1.85E-07,2.28E-07,2.15E-09
2,4,1,4,99127,2.91E-06,0.000377998,0.009025,1.85E-07,2.28E-07,2.06E-09
2,4,1,5,95745,2.80E-06,0.000370664,0.009025,1.85E-07,2.28E-07,1.91E-09
2,4,1,6,101249,2.81E-06,0.000374353,0.009025,1.85E-07,2.28E-07,1.93E-09
2,4,1,7,96361,2.78E-06,0.000366971,0.009025,1.85E-07,2.28E-07,1.90E-09
2,4,1,8,98995,2.88E-06,0.000381412,0.009025,1.85E-07,2.28E-07,1.95E-09
2,4,1,9,90111,2.99E-06,0.000397339,0.009025,1.85E-07,2.28E-07,2.03E-09
2,4,1,10,100365,2.82E-06,0.000372946,0.009025,1.85E-07,2.28E-07,1.93E-09
2,4,1,11,65290,4.02E-06,0.0007242,0.009025,1.85E-07,2.28E-07,2.69E-09
2,4,1,12,95236,3.01E-06,0.00039925,0.009025,1.85E-07,2.28E-07,2.04E-09
2,4,1,13,92615,2.90E-06,0.000368405,0.009025,1.85E-07,2.28E-07,1.98E-09
2,4,1,14,97786,2.87E-06,0.000386536,0.009025,1.85E-07,2.28E-07,1.95E-09
2,4,1,15,83483,3.45E-06,0.000567161,0.009025,1.85E-07,2.28E-07,2.19E-09
2,4,1,16,101260,2.83E-06,0.00037301,0.009025,1.85E-07,2.28E-07,1.94E-09
2,4,1,17,94387,2.82E-06,0.000374634,0.009025,1.85E-07,2.28E-07,1.93E-09
2,4,1,18,102095,2.81E-06,0.00037198,0.009025,1.85E-07,2.28E-07,1.94E-09
2,4,2,1,35247,3.09E-05,0.00415548,0.011025,3.03E-07,1.87E-07,3.93E-09
2,4,2,2,53372,2.09E-05,0.0127807,0.011025,3.03E-07,1.87E-07,2.69E-09
2,4,2,3,51428,2.16E-05,0.0126575,0.011025,3.03E-07,1.87E-07,2.73E-09
2,4,2,4,51196,2.62E-05,0.0134368,0.011025,3.03E-07,1.87E-07,3.36E-09
2,4,2,5,44671,2.71E-05,0.0144903,0.011025,3.03E-07,1.87E-07,3.97E-09
2,4,2,6,49947,2.22E-05,0.0133762,0.011025,3.03E-07,1.87E-07,3.09E-09
2,4,2,7,48794,2.41E-05,0.0121721,0.011025,3.03E-07,1.87E-07,3.04E-09
2,4,2,8,34853,4.10E-05,0.0225045,0.011025,3.03E-07,1.87E-07,4.55E-09
2,4,2,9,51088,2.12E-05,0.0121739,0.011025,3.03E-07,1.87E-07,2.65E-09
2,4,2,10,56004,2.01E-05,0.00312431,0.011025,3.03E-07,1.87E-07,2.56E-09
2,4,2,11,51848,2.19E-05,0.00440224,0.011025,3.03E-07,1.87E-07,2.72E-09
2,4,2,12,53000,2.12E-05,0.0113397,0.011025,3.03E-07,1.87E-07,2.69E-09
2,4,2,13,50525,2.24E-05,0.012811,0.011025,3.03E-07,1.87E-07,2.78E-09
2,4,2,14,52638,2.10E-05,0.012592,0.011025,3.03E-07,1.87E-07,2.69E-09
2,4,2,15,55100,2.00E-05,0.011905,0.011025,3.03E-07,1.87E-07,2.51E-09
2,4,2,16,51903,2.45E-05,0.0128923,0.011025,3.03E-07,1.87E-07,3.13E-09
2,4,2,17,45262,2.61E-05,0.0139349,0.011025,3.03E-07,1.87E-07,3.13E-09
2,4,2,18,52615,2.24E-05,0.0129989,0.011025,3.03E-07,1.87E-07,2.78E-09
2,4,2,19,54610,1.99E-05,0.00389645,0.011025,3.03E-07,1.87E-07,2.56E-09
2,4,2,20,52893,2.33E-05,0.0128258,0.011025,3.03E-07,1.87E-07,3.01E-09
2,4,2,21,None,0,0,0,0,0,0
2,4,2,22,53248,2.13E-05,0.0126958,0.011025,3.03E-07,1.87E-07,2.83E-09
2,4,2,23,52703,2.08E-05,0.00337077,0.011025,3.03E-07,1.87E-07,2.71E-09
2,4,2,24,58833,1.88E-05,0.0115204,0.011025,3.03E-07,1.87E-07,2.39E-09
2,4,2,25,46100,2.53E-05,0.00395854,0.011025,3.03E-07,1.87E-07,2.88E-09
2,4,2,26,45445,2.86E-05,0.0144982,0.011025,3.03E-07,1.87E-07,3.40E-09
2,4,2,27,34085,3.54E-05,0.0148307,0.011025,3.03E-07,1.87E-07,4.08E-09
2,4,2,28,48909,2.53E-05,0.0137042,0.011025,3.03E-07,1.87E-07,3.09E-09
2,4,2,29,43685,2.72E-05,0.0150231,0.011025,3.03E-07,1.87E-07,3.01E-09
2,4,2,30,44355,2.86E-05,0.0147188,0.011025,3.03E-07,1.87E-07,3.25E-09
2,4,2,31,42761,2.82E-05,0.0150471,0.011025,3.03E-07,1.87E-07,3.21E-09
2,4,2,32,47437,2.72E-05,0.0139224,0.011025,3.03E-07,1.87E-07,3.33E-09
2,4,2,33,45620,2.53E-05,0.0150515,0.011025,3.03E-07,1.87E-07,3.12E-09
2,4,2,34,48900,2.37E-05,0.0168294,0.011025,3.03E-07,1.87E-07,2.93E-09
2,4,2,35,49977,2.26E-05,0.0127081,0.011025,3.03E-07,1.87E-07,2.77E-09
2,4,2,36,54263,2.05E-05,0.0124524,0.011025,3.03E-07,1.87E-07,2.55E-09