wheel,station,sector,NSegments,xx,yy,zz,aa,bb,cc
-2,1,1,14877,3.23E-05,5.93E-05,3.73E-05,1.81E-08,2.38E-08,8.00E-09
-2,1,2,9948,7.70E-05,0.00554159,0.00362069,3.88E-08,4.68E-08,1.99E-08
-2,1,3,12410,7.25E-05,0.00462498,0.00302421,3.19E-08,3.77E-08,1.59E-08
-2,1,4,15734,4.47E-05,0.00370657,0.0023988,2.50E-08,2.98E-08,1.18E-08
-2,1,5,14548,5.65E-05,0.00405154,0.0026358,2.71E-08,3.19E-08,1.28E-08
-2,1,6,13330,6.43E-05,0.00419616,0.00274323,3.15E-08,3.56E-08,1.62E-08
-2,1,7,16529,4.54E-05,0.00352956,0.00230129,2.52E-08,2.96E-08,1.22E-08
-2,1,8,17357,4.36E-05,0.00333887,0.00217338,2.33E-08,2.77E-08,1.16E-08
-2,1,9,11197,6.46E-05,0.00527044,0.0034397,3.43E-08,4.04E-08,1.56E-08
-2,1,10,8770,8.41E-05,0.00684446,0.00445983,4.20E-08,5.05E-08,1.85E-08
-2,1,11,9809,8.95E-05,0.00629143,0.00413175,3.95E-08,4.96E-08,1.74E-08
-2,1,12,16282,4.69E-05,0.0037517,0.002443,2.52E-08,2.94E-08,1.23E-08
-2,2,1,23697,3.97E-05,0.00259024,0.0023684,3.29E-08,2.98E-08,1.49E-08
-2,2,2,20396,4.91E-05,0.00299024,0.00274656,3.98E-08,3.58E-08,1.78E-08
-2,2,3,20420,4.55E-05,0.00295266,0.00267484,4.07E-08,3.62E-08,1.88E-08
-2,2,4,19350,4.28E-05,0.0032232,0.00292572,3.95E-08,3.57E-08,1.74E-08
-2,2,5,22517,3.99E-05,0.00264804,0.00241413,3.59E-08,3.11E-08,1.64E-08
-2,2,6,23539,3.88E-05,0.00266842,0.00243634,3.45E-08,3.08E-08,1.54E-08
-2,2,7,24527,3.77E-05,0.00250637,0.00228987,3.18E-08,2.81E-08,1.44E-08
-2,2,8,24494,3.59E-05,0.00253127,0.00231633,3.17E-08,2.84E-08,1.39E-08
-2,2,9,18054,5.55E-05,0.00311224,0.00284917,4.29E-08,3.79E-08,1.97E-08
-2,2,10,14827,7.62E-05,0.00415733,0.00382883,5.99E-08,5.50E-08,2.82E-08
-2,2,11,14634,6.38E-05,0.00373561,0.00341954,5.66E-08,4.97E-08,2.61E-08
-2,2,12,21789,4.19E-05,0.0029451,0.00270161,3.69E-08,3.46E-08,1.64E-08
-2,3,1,21220,7.70E-05,0.00371704,0.00489832,7.47E-08,6.36E-08,2.85E-08
-2,3,2,22123,6.69E-05,0.00346805,0.00458929,7.02E-08,6.13E-08,2.63E-08
-2,3,3,22266,6.76E-05,0.00336648,0.00443653,6.79E-08,5.79E-08,2.54E-08
-2,3,4,22102,6.74E-05,0.00340376,0.00446783,6.81E-08,5.83E-08,2.50E-08
-2,3,5,22851,6.68E-05,0.00331709,0.00438498,6.57E-08,5.65E-08,2.48E-08
-2,3,6,24412,6.63E-05,0.00316285,0.00418026,6.28E-08,5.39E-08,2.39E-08
-2,3,7,23840,6.66E-05,0.00318743,0.00420495,6.47E-08,5.57E-08,2.45E-08
-2,3,8,22133,6.98E-05,0.00335216,0.0044422,6.84E-08,5.86E-08,2.55E-08
-2,3,9,19710,7.64E-05,0.00372061,0.00491287,8.05E-08,6.61E-08,2.93E-08
-2,3,10,16302,8.94E-05,0.00501845,0.00661725,9.76E-08,8.30E-08,3.64E-08
-2,3,11,19289,7.95E-05,0.00414819,0.00548909,8.31E-08,7.11E-08,3.04E-08
-2,3,12,17437,8.54E-05,0.00510447,0.00676303,9.46E-08,8.47E-08,3.44E-08
-2,4,1,42482,0.000126245,,0.00790192,1.54E-06,4.71E-07,5.23E-08
-2,4,2,41616,0.000132805,,0.00843507,1.55E-06,4.82E-07,5.48E-08
-2,4,3,37909,0.000126956,,0.00829416,1.71E-06,5.19E-07,5.29E-08
-2,4,4,None,0.000117686,,0.01094346379,3.87E-06,5.63E-06,3.76E-08
-2,4,5,37193,0.000114212,,0.000855333,1.79E-06,1.77E-07,5.03E-08
-2,4,6,44479,0.000116051,,0.00681293,1.48E-06,4.49E-07,4.80E-08
-2,4,7,43797,0.000115846,,0.00670624,1.48E-06,4.53E-07,4.76E-08
-2,4,8,44408,0.000109598,,0.0010603,1.43E-06,9.53E-08,4.26E-08
-2,4,9,16269,0.000354691,,0.0520399,2.16E-05,3.86E-05,6.67E-08
-2,4,10,None,0.000117686,,0.01094346379,3.87E-06,5.63E-06,3.76E-08
-2,4,11,17273,0.000336559,,0.0540826,2.00E-05,3.71E-05,6.56E-08
-2,4,12,42849,0.000114641,,0.00702004,1.49E-06,4.58E-07,4.63E-08
-2,4,13,None,0.000117686,,0.01094346379,3.87E-06,5.63E-06,3.76E-08
-2,4,14,None,0.000117686,,0.01094346379,3.87E-06,5.63E-06,3.76E-08
-1,1,1,29123,2.04E-05,0.000362283,0.000955474,2.86E-08,3.26E-08,5.63E-09
-1,1,2,30483,1.75E-05,0.000353032,0.000923814,2.73E-08,3.15E-08,5.19E-09
-1,1,3,23528,2.32E-05,0.000554939,0.00123627,4.50E-08,4.48E-08,1.11E-08
-1,1,4,34048,1.66E-05,0.00029697,0.00077869,2.35E-08,2.69E-08,4.54E-09
-1,1,5,34079,1.70E-05,0.000296432,0.000776318,2.36E-08,2.70E-08,4.57E-09
-1,1,6,34022,1.74E-05,0.000314083,0.000822979,2.44E-08,2.72E-08,4.74E-09
-1,1,7,33347,1.68E-05,0.000309545,0.000810804,2.44E-08,2.76E-08,4.73E-09
-1,1,8,33882,1.61E-05,0.000297861,0.00078217,2.39E-08,2.73E-08,4.56E-09
-1,1,9,31147,1.79E-05,0.000338873,0.000891499,2.61E-08,3.01E-08,4.98E-09
-1,1,10,33258,1.63E-05,0.000310662,0.000816454,2.58E-08,2.91E-08,4.83E-09
-1,1,11,32615,1.74E-05,0.000324178,0.000850191,2.53E-08,2.96E-08,4.83E-09
-1,1,12,33060,1.76E-05,0.000312984,0.000823652,2.47E-08,2.81E-08,4.72E-09
-1,2,1,31768,2.59E-05,0.000389752,0.00141977,5.14E-08,4.95E-08,8.34E-09
-1,2,2,32947,2.44E-05,0.00037067,0.00135035,4.91E-08,4.87E-08,7.98E-09
-1,2,3,21817,3.72E-05,0.00070259,0.00217024,9.78E-08,8.87E-08,1.97E-08
-1,2,4,32195,2.51E-05,0.000369703,0.00134831,4.79E-08,4.70E-08,7.67E-09
-1,2,5,34540,2.24E-05,0.000337184,0.00123026,4.55E-08,4.41E-08,7.26E-09
-1,2,6,33787,2.36E-05,0.000369133,0.00135351,4.85E-08,4.74E-08,7.73E-09
-1,2,7,34458,2.34E-05,0.000352513,0.00128646,4.67E-08,4.53E-08,7.45E-09
-1,2,8,35279,2.24E-05,0.000342506,0.00124221,4.53E-08,4.40E-08,7.38E-09
-1,2,9,29928,2.93E-05,0.00041449,0.00151556,5.44E-08,5.31E-08,8.90E-09
-1,2,10,32663,2.40E-05,0.000368574,0.00134287,4.94E-08,4.81E-08,7.85E-09
-1,2,11,31649,2.27E-05,1.58E-05,5.14E-05,3.00E-08,5.05E-08,8.43E-09
-1,2,12,32913,2.44E-05,0.000368051,0.00134812,4.95E-08,4.98E-08,8.19E-09
-1,3,1,31547,4.75E-05,0.000527349,0.00274641,1.18E-07,1.04E-07,1.43E-08
-1,3,2,30605,4.75E-05,0.000537062,0.00277994,1.19E-07,1.08E-07,1.46E-08
-1,3,3,22161,6.83E-05,0.000879205,0.00389972,2.24E-07,1.76E-07,3.15E-08
-1,3,4,30030,4.80E-05,0.000526895,0.00273313,1.22E-07,1.09E-07,1.48E-08
-1,3,5,31546,4.67E-05,0.000504625,0.00260647,1.16E-07,1.03E-07,1.40E-08
-1,3,6,32725,4.67E-05,0.000512621,0.00265869,1.13E-07,9.91E-08,1.35E-08
-1,3,7,27577,5.96E-05,0.00061711,0.00324185,1.36E-07,1.23E-07,1.66E-08
-1,3,8,31268,4.67E-05,0.000516419,0.00269647,1.17E-07,1.06E-07,1.44E-08
-1,3,9,27598,5.40E-05,0.000570658,0.00296468,1.35E-07,1.18E-07,1.63E-08
-1,3,10,11669,0.000232763,0.0010168,0.0105872,2.24E-06,9.75E-07,1.19E-07
-1,3,11,29731,5.24E-05,0.000564044,0.0029396,1.25E-07,1.10E-07,1.52E-08
-1,3,12,30173,5.00E-05,0.000569367,0.00298017,1.23E-07,1.14E-07,1.53E-08
-1,4,1,49171,9.57E-05,,0.00602161,1.25E-06,3.74E-07,4.01E-08
-1,4,2,49193,9.81E-05,,0.00620468,1.20E-06,3.64E-07,4.14E-08
-1,4,3,33072,0.00013665,,0.0085944,3.07E-06,5.18E-07,9.84E-08
-1,4,4,None,9.74E-05,,0.009837958071,3.52E-06,4.89E-06,3.43E-08
-1,4,5,49975,9.09E-05,,0.00539663,1.23E-06,3.55E-07,3.81E-08
-1,4,6,51370,8.89E-05,,0.00524247,1.21E-06,3.48E-07,3.70E-08
-1,4,7,51997,8.81E-05,,0.0051906,1.19E-06,3.45E-07,3.67E-08
-1,4,8,51754,8.27E-05,,0.000873863,1.18E-06,7.76E-08,3.21E-08
-1,4,9,16004,0.000341528,,0.0503469,2.20E-05,3.68E-05,6.78E-08
-1,4,10,None,9.74E-05,,0.009837958071,3.52E-06,4.89E-06,3.43E-08
-1,4,11,19735,0.000254278,,0.0444838,1.58E-05,2.89E-05,5.30E-08
-1,4,12,49824,8.70E-05,,0.00537646,1.16E-06,3.47E-07,3.55E-08
-1,4,13,None,9.74E-05,,0.009837958071,3.52E-06,4.89E-06,3.43E-08
-1,4,14,None,9.74E-05,,0.009837958071,3.52E-06,4.89E-06,3.43E-08
0,1,1,25644,2.02E-05,1.90E-05,0.000437638,2.13E-07,1.71E-07,3.31E-09
0,1,2,23081,2.00E-05,1.65E-05,0.000531486,1.73E-07,2.45E-07,3.24E-09
0,1,3,32504,1.48E-05,1.36E-05,0.000238174,1.52E-07,1.28E-07,2.25E-09
0,1,4,33318,1.47E-05,1.44E-05,0.000403453,1.61E-07,1.69E-07,2.48E-09
0,1,5,34242,1.44E-05,1.09E-05,0.000312041,1.23E-07,1.13E-07,2.03E-09
0,1,6,35236,1.44E-05,1.31E-05,0.000247852,1.54E-07,9.80E-08,2.12E-09
0,1,7,33986,1.55E-05,1.42E-05,0.00044685,1.57E-07,1.69E-07,2.55E-09
0,1,8,35425,1.27E-05,1.20E-05,0.000267594,1.28E-07,1.55E-07,1.91E-09
0,1,9,28964,1.72E-05,1.63E-05,0.000502051,1.84E-07,2.10E-07,2.91E-09
0,1,10,26608,1.83E-05,1.75E-05,0.000528883,1.96E-07,2.08E-07,3.10E-09
0,1,11,28742,1.81E-05,1.63E-05,0.000290925,1.78E-07,1.17E-07,3.00E-09
0,1,12,34199,1.47E-05,1.08E-05,0.000354081,1.22E-07,1.35E-07,1.96E-09
0,2,1,29278,3.64E-05,2.94E-05,0.0010581,4.14E-07,2.88E-07,3.83E-09
0,2,2,29225,3.52E-05,1.95E-05,0.000944882,1.51E-07,2.68E-07,2.74E-09
0,2,3,35060,2.70E-05,2.10E-05,0.000423919,3.12E-07,2.10E-07,1.94E-09
0,2,4,36459,2.69E-05,1.57E-05,0.000712974,1.56E-07,2.11E-07,2.73E-09
0,2,5,36595,2.59E-05,2.25E-05,0.000398643,3.02E-07,2.02E-07,2.82E-09
0,2,6,40503,2.37E-05,1.42E-05,0.000339667,1.44E-07,1.89E-07,2.00E-09
0,2,7,38608,2.71E-05,2.17E-05,0.000711295,3.17E-07,2.10E-07,2.73E-09
0,2,8,38448,2.57E-05,2.18E-05,0.000705749,2.84E-07,1.96E-07,2.67E-09
0,2,9,32747,3.17E-05,2.46E-05,0.000825936,3.23E-07,2.21E-07,2.99E-09
0,2,10,31586,3.12E-05,2.59E-05,0.000867866,3.61E-07,2.55E-07,3.37E-09
0,2,11,29307,3.33E-05,2.77E-05,0.000526331,3.77E-07,2.49E-07,3.33E-09
0,2,12,34257,3.08E-05,2.42E-05,0.00078902,3.22E-07,2.21E-07,2.97E-09
0,3,1,25074,8.42E-05,5.89E-05,0.00248595,1.04E-06,5.02E-07,6.05E-09
0,3,2,23108,9.05E-05,6.12E-05,0.00249176,1.12E-06,5.32E-07,6.22E-09
0,3,3,30639,6.45E-05,4.66E-05,0.0018749,8.09E-07,4.06E-07,4.84E-09
0,3,4,30742,6.27E-05,4.71E-05,0.00197323,7.80E-07,3.96E-07,4.93E-09
0,3,5,31853,6.16E-05,3.19E-05,0.00196274,1.86E-07,3.87E-07,4.47E-09
0,3,6,30833,6.40E-05,4.74E-05,0.00189272,8.09E-07,4.01E-07,4.88E-09
0,3,7,32238,6.42E-05,4.58E-05,0.00187011,7.96E-07,4.01E-07,4.75E-09
0,3,8,32054,6.12E-05,3.10E-05,0.00189129,1.88E-07,3.79E-07,4.38E-09
0,3,9,26002,7.64E-05,5.42E-05,0.00231316,9.26E-07,4.69E-07,5.65E-09
0,3,10,25127,7.68E-05,5.38E-05,0.00116334,1.00E-06,4.77E-07,5.34E-09
0,3,11,25480,7.97E-05,5.47E-05,0.00238633,1.01E-06,4.96E-07,5.94E-09
0,3,12,32381,6.14E-05,4.54E-05,0.00194265,7.67E-07,3.86E-07,4.76E-09
0,4,1,50414,0.000112651,,0.00687009,1.23E-06,3.68E-07,4.80E-08
0,4,2,30655,0.000181995,,0.00833185,1.65E-06,6.34E-07,7.20E-08
0,4,3,47680,8.81E-05,,0.00537371,1.23E-06,3.73E-07,3.63E-08
0,4,4,None,9.45E-05,,0.007123057857,2.70E-06,4.47E-06,3.04E-08
0,4,5,55505,8.42E-05,,0.0050095,1.04E-06,3.19E-07,3.49E-08
0,4,6,56375,8.40E-05,,0.00525594,1.03E-06,3.16E-07,3.53E-08
0,4,7,56803,8.34E-05,,0.0051737,1.03E-06,3.17E-07,3.46E-08
0,4,8,58009,7.33E-05,,0.00395201,9.56E-07,2.98E-07,2.87E-08
0,4,9,18196,0.000270789,,0.0154633,1.22E-05,3.01E-05,5.35E-08
0,4,10,None,9.45E-05,,0.007123057857,2.70E-06,4.47E-06,3.04E-08
0,4,11,19019,0.000266868,,0.0395238,1.64E-05,2.95E-05,5.13E-08
0,4,12,55755,7.72E-05,,0.00476891,1.02E-06,3.14E-07,3.11E-08
0,4,13,None,9.45E-05,,0.007123057857,2.70E-06,4.47E-06,3.04E-08
0,4,14,None,9.45E-05,,0.007123057857,2.70E-06,4.47E-06,3.04E-08
1,1,1,29503,1.98E-05,0.000352273,0.000930671,2.85E-08,3.31E-08,5.51E-09
1,1,2,26641,2.18E-05,0.000382566,0.00101398,3.15E-08,3.68E-08,6.27E-09
1,1,3,34706,1.68E-05,0.000299615,0.000788639,2.36E-08,2.68E-08,4.52E-09
1,1,4,13914,4.97E-05,0.00112995,0.00246424,1.07E-07,9.35E-08,3.06E-08
1,1,5,31310,1.94E-05,0.000334112,0.000878682,2.65E-08,3.03E-08,5.15E-09
1,1,6,35650,1.72E-05,0.000297969,0.000784037,2.36E-08,2.67E-08,4.55E-09
1,1,7,34147,1.81E-05,0.000306557,0.000811292,2.45E-08,2.81E-08,4.71E-09
1,1,8,33988,1.72E-05,0.000305716,0.000804025,2.45E-08,2.79E-08,4.68E-09
1,1,9,33333,1.78E-05,0.00031604,0.000834493,2.42E-08,2.79E-08,4.55E-09
1,1,10,33336,1.87E-05,0.000313629,0.00082753,2.45E-08,2.79E-08,4.66E-09
1,1,11,33012,1.85E-05,0.000316493,0.000831181,2.46E-08,2.78E-08,4.78E-09
1,1,12,35065,1.81E-05,0.000304565,0.000805903,2.42E-08,2.77E-08,4.69E-09
1,2,1,34912,2.32E-05,0.000361479,0.00131761,4.84E-08,4.82E-08,7.93E-09
1,2,2,30633,2.61E-05,0.000387086,0.0014081,5.36E-08,5.36E-08,8.93E-09
1,2,3,33675,2.25E-05,0.000353353,0.0012771,4.77E-08,4.70E-08,7.76E-09
1,2,4,23810,3.44E-05,0.000660552,0.00204299,9.41E-08,8.61E-08,1.91E-08
1,2,5,27200,2.66E-05,0.00048695,0.00176365,6.18E-08,5.91E-08,9.56E-09
1,2,6,35498,2.16E-05,0.000341806,0.00124382,4.53E-08,4.41E-08,7.23E-09
1,2,7,35966,2.20E-05,0.00034007,0.00124222,4.84E-08,4.68E-08,7.83E-09
1,2,8,33953,2.34E-05,0.000360159,0.00131106,4.79E-08,4.68E-08,7.69E-09
1,2,9,33124,2.36E-05,0.000351968,0.00127754,4.85E-08,4.87E-08,8.03E-09
1,2,10,28626,1.46E-05,0.00049599,0.00182328,5.94E-08,5.83E-08,7.92E-09
1,2,11,34345,2.25E-05,0.000358948,0.00130643,4.73E-08,4.70E-08,7.68E-09
1,2,12,34642,2.31E-05,0.000354426,0.00129416,4.83E-08,4.76E-08,7.86E-09
1,3,1,30223,5.02E-05,0.00055373,0.00286329,1.29E-07,1.13E-07,1.56E-08
1,3,2,30000,4.89E-05,0.000540949,0.00281188,1.25E-07,1.10E-07,1.51E-08
1,3,3,30818,4.67E-05,0.00052683,0.00273269,1.17E-07,1.04E-07,1.41E-08
1,3,4,19928,7.75E-05,0.00103497,0.00455623,2.66E-07,2.10E-07,3.84E-08
1,3,5,28445,5.24E-05,0.000584952,0.00304157,1.27E-07,1.16E-07,1.56E-08
1,3,6,32756,4.48E-05,0.000503255,0.00259908,1.12E-07,9.96E-08,1.36E-08
1,3,7,30006,4.94E-05,0.00054677,0.00284951,1.33E-07,1.15E-07,1.59E-08
1,3,8,31579,4.54E-05,0.000512054,0.00265231,1.17E-07,1.06E-07,1.43E-08
1,3,9,21395,6.77E-05,0.000773436,0.00403839,1.75E-07,1.55E-07,2.10E-08
1,3,10,29765,4.79E-05,0.000536596,0.00277739,1.23E-07,1.09E-07,1.48E-08
1,3,11,31639,4.51E-05,0.000502754,0.00260648,1.14E-07,1.01E-07,1.37E-08
1,3,12,31884,4.66E-05,0.0005214,0.0027193,1.18E-07,1.07E-07,1.45E-08
1,4,1,49901,0.000103185,,0.00601056,1.25E-06,3.73E-07,4.35E-08
1,4,2,44571,0.000101461,,0.0060045,1.38E-06,3.99E-07,4.26E-08
1,4,3,48000,9.19E-05,,0.00547025,1.20E-06,3.59E-07,3.80E-08
1,4,4,None,8.70E-05,,0.008118416071,2.82E-06,3.95E-06,2.93E-08
1,4,5,48047,0.0001017,,0.00639497,1.29E-06,3.74E-07,4.24E-08
1,4,6,48986,8.01E-05,,0.000607441,1.36E-06,1.45E-07,3.84E-08
1,4,7,51261,9.21E-05,,0.00575252,1.23E-06,3.53E-07,3.86E-08
1,4,8,49378,8.88E-05,,0.000722564,1.32E-06,9.24E-08,3.68E-08
1,4,9,20994,0.000240894,,0.0443222,1.55E-05,2.72E-05,5.40E-08
1,4,10,None,8.70E-05,,0.008118416071,2.82E-06,3.95E-06,2.93E-08
1,4,11,22314,0.000234852,,0.0338949,1.39E-05,2.56E-05,4.42E-08
1,4,12,52134,8.36E-05,,0.00447792,1.11E-06,3.36E-07,3.23E-08
1,4,13,None,8.70E-05,,0.008118416071,2.82E-06,3.95E-06,2.93E-08
1,4,14,None,8.70E-05,,0.008118416071,2.82E-06,3.95E-06,2.93E-08
2,1,1,10034,8.80E-05,0.00555677,0.00364385,4.52E-08,5.19E-08,2.41E-08
2,1,2,10668,0.000105386,0.00489829,0.00323637,4.86E-08,5.10E-08,2.82E-08
2,1,3,14024,6.27E-05,0.00395897,0.0025906,2.95E-08,3.49E-08,1.54E-08
2,1,4,9199,6.27E-05,0.00716054,0.00462059,4.51E-08,5.37E-08,2.13E-08
2,1,5,10292,7.52E-05,0.00699758,0.00455741,4.26E-08,5.36E-08,1.94E-08
2,1,6,15775,4.77E-05,0.00377399,0.00245549,2.83E-08,3.31E-08,1.39E-08
2,1,7,14806,6.46E-05,0.00434073,0.00285322,2.92E-08,3.63E-08,1.42E-08
2,1,8,16146,4.66E-05,0.00367769,0.00239839,2.55E-08,3.00E-08,1.23E-08
2,1,9,11998,7.51E-05,0.00510746,0.00335067,3.79E-08,4.74E-08,1.97E-08
2,1,10,16454,4.60E-05,0.00359047,0.00233303,2.44E-08,2.99E-08,1.21E-08
2,1,11,15906,5.25E-05,0.0037447,0.00244222,2.67E-08,3.18E-08,1.35E-08
2,1,12,15747,5.33E-05,0.00373035,0.00242912,3.26E-08,3.49E-08,1.69E-08
2,2,1,20693,4.51E-05,0.00291647,0.00266768,4.13E-08,3.61E-08,1.87E-08
2,2,2,19729,4.49E-05,0.00306121,0.00279441,4.20E-08,3.65E-08,1.89E-08
2,2,3,23384,3.79E-05,0.00251004,0.0022895,3.30E-08,2.91E-08,1.49E-08
2,2,4,19620,5.45E-05,0.00346665,0.00317381,4.19E-08,4.04E-08,1.88E-08
2,2,5,15636,5.56E-05,0.00398993,0.0036238,5.02E-08,4.81E-08,2.36E-08
2,2,6,23882,3.60E-05,0.00273184,0.0024929,3.36E-08,3.07E-08,1.46E-08
2,2,8,24084,3.83E-05,0.00265398,0.00242501,3.21E-08,2.92E-08,1.43E-08
2,2,9,22109,4.22E-05,0.00281417,0.00257027,3.54E-08,3.16E-08,1.57E-08
2,2,10,20625,4.13E-05,0.00303193,0.00276426,3.88E-08,3.54E-08,1.76E-08
2,2,11,22192,3.94E-05,0.00279879,0.00255988,3.51E-08,3.18E-08,1.54E-08
2,2,12,23968,3.66E-05,0.00267899,0.00244913,3.30E-08,2.98E-08,1.44E-08
2,3,1,20132,7.75E-05,0.00391856,0.00521178,7.83E-08,6.69E-08,2.95E-08
2,3,2,16394,9.28E-05,0.00425826,0.00562958,9.29E-08,7.77E-08,3.52E-08
2,3,3,22777,6.48E-05,0.00327813,0.00433029,6.65E-08,5.66E-08,2.46E-08
2,3,4,18926,7.98E-05,0.00426867,0.00562019,8.36E-08,6.97E-08,3.09E-08
2,3,5,20040,7.36E-05,0.00365816,0.00482164,7.09E-08,6.17E-08,2.64E-08
2,3,6,22721,6.71E-05,0.00331611,0.00439118,7.22E-08,6.13E-08,2.70E-08
2,3,7,22964,7.15E-05,0.00345007,0.00459043,7.10E-08,6.07E-08,2.63E-08
2,3,8,21210,6.85E-05,0.00351406,0.00464081,7.28E-08,6.18E-08,2.68E-08
2,3,9,22125,6.88E-05,0.00348226,0.00459038,7.05E-08,5.95E-08,2.59E-08
2,3,10,21560,7.09E-05,0.00349274,0.00460272,7.18E-08,6.09E-08,2.70E-08
2,3,11,22804,6.79E-05,0.00342872,0.00455921,6.81E-08,5.82E-08,2.53E-08
2,3,12,21169,6.94E-05,0.00370092,0.00491448,7.37E-08,6.35E-08,2.68E-08
2,4,1,42356,0.000132012,,0.00789027,1.54E-06,4.88E-07,5.35E-08
2,4,2,33190,0.000162577,,0.00959652,1.88E-06,5.87E-07,6.38E-08
2,4,3,36804,0.000123078,,0.00738396,1.68E-06,5.24E-07,4.96E-08
2,4,4,None,0.0001174574286,,0.01162005786,3.60E-06,5.28E-06,3.82E-08
2,4,5,41034,0.000130775,,0.00817852,1.61E-06,4.93E-07,5.48E-08
2,4,6,44520,0.000119432,,0.00735987,1.50E-06,4.54E-07,4.93E-08
2,4,7,43741,0.000122613,,0.00758147,1.56E-06,4.73E-07,5.11E-08
2,4,8,44104,0.000110693,,0.00671574,1.45E-06,4.40E-07,4.42E-08
2,4,9,17603,0.000322144,,0.0575152,1.96E-05,3.62E-05,6.64E-08
2,4,10,None,0.0001174574286,,0.01162005786,3.60E-06,5.28E-06,3.82E-08
2,4,11,18771,0.000308362,,0.0439486,1.81E-05,3.38E-05,5.85E-08
2,4,12,42411,0.000112718,,0.00651066,1.49E-06,4.70E-07,4.43E-08
2,4,13,None,0.0001174574286,,0.01162005786,3.60E-06,5.28E-06,3.82E-08
2,4,14,None,0.0001174574286,,0.01162005786,3.60E-06,5.28E-06,3.82E-08
-2,1,1,30454,2.32E-05,0.00184609,0.00120146,1.27E-08,1.47E-08,6.11E-09
-2,1,2,20904,3.51E-05,0.00262887,0.00171831,1.83E-08,2.25E-08,9.11E-09
-2,1,3,26107,3.29E-05,0.00211879,0.00138354,1.48E-08,1.72E-08,7.36E-09
-2,1,4,31595,2.17E-05,0.0018381,0.00119076,1.22E-08,1.46E-08,5.73E-09
-2,1,5,30649,2.66E-05,0.00188671,0.00122919,1.25E-08,1.49E-08,5.94E-09
-2,1,6,28297,3.08E-05,0.00195164,0.00127729,1.50E-08,1.68E-08,7.51E-09
-2,1,7,35388,2.09E-05,0.00161703,0.00105465,1.16E-08,1.37E-08,5.67E-09
-2,1,8,38207,1.97E-05,0.00147583,0.000961118,1.06E-08,1.25E-08,5.18E-09
-2,1,9,24633,2.87E-05,0.00234522,0.00153196,1.53E-08,1.82E-08,7.19E-09
-2,1,10,19133,3.80E-05,0.00308542,0.00200842,1.95E-08,2.30E-08,8.78E-09
-2,1,11,20863,4.07E-05,0.00286548,0.00188167,1.78E-08,2.23E-08,7.93E-09
-2,1,12,32968,2.12E-05,0.00180205,0.00117158,1.23E-08,1.49E-08,5.76E-09
-2,2,1,50122,1.87E-05,0.00121649,0.00111421,1.54E-08,1.41E-08,7.11E-09
-2,2,2,45314,2.25E-05,0.0013501,0.0012419,1.78E-08,1.60E-08,8.07E-09
-2,2,3,44574,2.05E-05,0.00131251,0.00118979,1.82E-08,1.60E-08,8.41E-09
-2,2,4,41142,2.04E-05,0.00151739,0.00137943,1.86E-08,1.70E-08,8.25E-09
-2,2,5,49763,1.78E-05,0.00118471,0.00108017,1.63E-08,1.40E-08,7.33E-09
-2,2,6,50873,1.76E-05,0.00122638,0.00112053,1.56E-08,1.39E-08,6.86E-09
-2,2,7,53721,1.68E-05,0.00111239,0.00101627,1.44E-08,1.27E-08,6.33E-09
-2,2,8,53885,1.64E-05,0.00114693,0.00105053,1.43E-08,1.29E-08,6.34E-09
-2,2,9,38678,2.44E-05,0.00140818,0.00128884,1.92E-08,1.68E-08,8.80E-09
-2,2,10,32237,3.30E-05,0.00183267,0.00169018,2.60E-08,2.42E-08,1.23E-08
-2,2,11,32677,2.88E-05,0.00171504,0.00157091,2.54E-08,2.25E-08,1.20E-08
-2,2,12,48135,1.85E-05,0.00129571,0.00119032,1.60E-08,1.52E-08,7.19E-09
-2,3,1,46750,3.42E-05,0.00161046,0.0021219,3.29E-08,2.77E-08,1.24E-08
-2,3,2,48416,2.99E-05,0.00157366,0.00208195,3.21E-08,2.78E-08,1.19E-08
-2,3,3,48237,3.03E-05,0.00149175,0.00196418,3.10E-08,2.61E-08,1.14E-08
-2,3,4,47693,3.12E-05,0.00154564,0.00202926,3.13E-08,2.67E-08,1.18E-08
-2,3,5,49975,2.99E-05,0.00148954,0.00196902,2.97E-08,2.55E-08,1.10E-08
-2,3,6,52408,3.02E-05,0.00143952,0.00190105,2.93E-08,2.50E-08,1.09E-08
-2,3,7,52515,2.94E-05,0.00142113,0.0018758,2.91E-08,2.46E-08,1.09E-08
-2,3,8,47576,3.06E-05,3.88E-05,4.47E-05,2.48E-08,2.72E-08,1.20E-08
-2,3,9,40666,3.86E-05,0.00191363,0.00253877,3.90E-08,3.28E-08,1.42E-08
-2,3,10,35601,3.90E-05,0.00221054,0.00291192,4.47E-08,3.75E-08,1.60E-08
-2,3,11,42460,3.55E-05,0.00183818,0.002433,3.69E-08,3.17E-08,1.36E-08
-2,3,12,39122,3.73E-05,0.00223805,0.00296723,4.05E-08,3.64E-08,1.49E-08
-2,4,1,93291,5.58E-05,,0.00350998,6.82E-07,2.09E-07,2.31E-08
-2,4,2,93082,5.95E-05,,0.00375473,6.86E-07,2.09E-07,2.49E-08
-2,4,3,83734,5.69E-05,,0.00368792,7.71E-07,2.36E-07,2.34E-08
-2,4,4,None,5.22E-05,,0.005011462,1.71E-06,2.50E-06,1.67E-08
-2,4,5,80916,5.18E-05,,0.000382068,8.22E-07,7.51E-08,2.30E-08
-2,4,6,97142,5.18E-05,,0.00304838,6.54E-07,2.00E-07,2.13E-08
-2,4,7,97068,5.13E-05,,0.00299765,6.60E-07,2.02E-07,2.10E-08
-2,4,8,96937,4.96E-05,,0.00266008,6.63E-07,2.04E-07,1.91E-08
-2,4,9,36169,0.000158564,,0.0232596,9.62E-06,1.73E-05,2.96E-08
-2,4,10,None,5.22E-05,,0.005011462,1.71E-06,2.50E-06,1.67E-08
-2,4,11,38337,0.000145746,,0.0237645,8.71E-06,1.62E-05,2.88E-08
-2,4,12,96090,4.99E-05,,0.00309556,6.41E-07,1.99E-07,1.99E-08
-2,4,13,None,5.22E-05,,0.005011462,1.71E-06,2.50E-06,1.67E-08
-2,4,14,None,5.22E-05,,0.005011462,1.71E-06,2.50E-06,1.67E-08
-1,1,1,63381,9.07E-06,0.000160652,0.00042383,1.29E-08,1.48E-08,2.52E-09
-1,1,2,62922,8.19E-06,0.000167087,0.000435949,1.35E-08,1.47E-08,2.40E-09
-1,1,3,51368,1.03E-05,0.000251909,0.000560534,2.07E-08,2.04E-08,4.96E-09
-1,1,4,73839,7.63E-06,0.000134749,0.000354,1.07E-08,1.23E-08,2.09E-09
-1,1,5,72690,7.84E-06,0.000135929,0.000356546,1.08E-08,1.24E-08,2.09E-09
-1,1,6,72926,7.82E-06,0.000141817,0.000371045,1.12E-08,1.25E-08,2.15E-09
-1,1,7,71077,7.65E-06,0.000141283,0.000369977,1.12E-08,1.28E-08,2.17E-09
-1,1,8,73101,7.50E-06,0.000138379,0.000364271,1.10E-08,1.24E-08,2.09E-09
-1,1,9,68163,8.08E-06,0.000153632,0.000404544,1.18E-08,1.35E-08,2.24E-09
-1,1,10,70405,7.40E-06,0.000142189,0.000373358,1.19E-08,1.35E-08,2.21E-09
-1,1,11,70048,7.81E-06,0.000148812,0.000390134,1.16E-08,1.35E-08,2.20E-09
-1,1,12,70144,8.11E-06,0.000146112,0.000384957,1.15E-08,1.29E-08,2.17E-09
-1,2,1,67933,1.17E-05,0.000177722,0.00064647,2.34E-08,2.25E-08,3.76E-09
-1,2,2,71452,1.13E-05,0.000166884,0.000608912,2.22E-08,2.21E-08,3.63E-09
-1,2,3,47659,1.68E-05,0.000314576,0.000973095,4.46E-08,4.00E-08,8.89E-09
-1,2,4,69793,1.15E-05,0.00016807,0.000614274,2.17E-08,2.13E-08,3.47E-09
-1,2,5,75185,1.01E-05,0.000153453,0.000560958,2.06E-08,1.99E-08,3.27E-09
-1,2,6,73414,1.08E-05,0.000164977,0.000604758,2.17E-08,2.14E-08,3.46E-09
-1,2,7,72762,1.08E-05,0.000164185,0.000598309,2.20E-08,2.12E-08,3.48E-09
-1,2,8,77380,1.01E-05,0.000153484,0.000555984,2.06E-08,1.97E-08,3.30E-09
-1,2,9,66450,1.32E-05,0.000186664,0.000683233,2.44E-08,2.38E-08,3.96E-09
-1,2,10,71369,1.07E-05,0.000164458,0.000599058,2.21E-08,2.16E-08,3.53E-09
-1,2,11,70954,1.06E-05,0.000169107,0.00061244,2.26E-08,2.22E-08,3.64E-09
-1,2,12,71392,1.09E-05,0.000162281,0.000593997,2.22E-08,2.23E-08,3.61E-09
-1,3,1,71221,2.09E-05,0.00022926,0.00119292,5.17E-08,4.59E-08,6.24E-09
-1,3,2,66087,2.16E-05,0.000245523,0.00126853,5.54E-08,5.02E-08,6.75E-09
-1,3,3,50032,3.05E-05,0.00038699,0.00171935,9.81E-08,7.87E-08,1.41E-08
-1,3,4,68326,2.11E-05,0.000230905,0.00119975,5.29E-08,4.73E-08,6.37E-09
-1,3,5,70819,2.03E-05,0.000219582,0.00113758,5.04E-08,4.47E-08,6.09E-09
-1,3,6,71578,2.10E-05,0.000227507,0.00118076,4.99E-08,4.45E-08,6.06E-09
-1,3,7,61361,2.65E-05,0.000274853,0.00144955,5.98E-08,5.39E-08,7.26E-09
-1,3,8,70409,2.04E-05,0.000228032,0.00118988,5.21E-08,4.61E-08,6.18E-09
-1,3,9,61790,2.42E-05,0.000254681,0.0013269,5.93E-08,5.21E-08,7.24E-09
-1,3,10,26508,0.000104926,0.000455301,0.00473017,9.99E-07,4.41E-07,5.37E-08
-1,3,11,66376,2.30E-05,0.000246726,0.00128325,5.55E-08,4.84E-08,6.64E-09
-1,3,12,67044,2.14E-05,0.000246911,0.00128916,5.44E-08,4.95E-08,6.52E-09
-1,4,1,108205,4.18E-05,,0.00264176,5.52E-07,1.64E-07,1.76E-08
-1,4,2,110304,4.42E-05,,0.00278786,5.36E-07,1.62E-07,1.85E-08
-1,4,3,72502,6.04E-05,,0.00382017,1.38E-06,2.33E-07,4.34E-08
-1,4,4,None,4.34E-05,,0.004490003571,1.56E-06,2.20E-06,1.52E-08
-1,4,5,112299,3.95E-05,,0.00233349,5.34E-07,1.54E-07,1.65E-08
-1,4,6,111665,4.07E-05,,0.00239466,5.52E-07,1.58E-07,1.69E-08
-1,4,7,112963,4.00E-05,,0.00235928,5.35E-07,1.56E-07,1.65E-08
-1,4,8,115634,3.65E-05,,0.00197114,5.23E-07,1.53E-07,1.42E-08
-1,4,9,36362,0.000152915,,0.0221958,9.51E-06,1.66E-05,2.97E-08
-1,4,10,None,4.34E-05,,0.004490003571,1.56E-06,2.20E-06,1.52E-08
-1,4,11,44009,0.000113723,,0.0199803,7.16E-06,1.29E-05,2.38E-08
-1,4,12,111566,3.80E-05,,0.00237559,5.08E-07,1.53E-07,1.54E-08
-1,4,13,None,4.34E-05,,0.004490003571,1.56E-06,2.20E-06,1.52E-08
-1,4,14,None,4.34E-05,,0.004490003571,1.56E-06,2.20E-06,1.52E-08
0,1,1,56548,8.95E-06,8.55E-06,0.000259553,9.81E-08,1.02E-07,1.48E-09
0,1,2,40952,1.15E-05,7.60E-06,0.000301042,7.99E-08,1.37E-07,1.49E-09
0,1,3,70929,6.83E-06,3.85E-06,0.000191067,3.54E-08,7.42E-08,8.50E-10
0,1,4,71671,6.60E-06,6.46E-06,0.000156946,7.27E-08,7.64E-08,9.82E-10
0,1,5,73398,6.38E-06,5.79E-06,0.000108568,6.87E-08,5.88E-08,9.96E-10
0,1,6,75215,6.41E-06,5.85E-06,0.000116421,6.68E-08,4.58E-08,9.93E-10
0,1,7,72365,7.05E-06,6.58E-06,0.000205631,7.26E-08,7.81E-08,1.17E-09
0,1,8,74513,6.36E-06,3.84E-06,0.000175366,3.94E-08,6.88E-08,7.95E-10
0,1,9,60902,8.01E-06,7.72E-06,0.000234136,8.65E-08,9.75E-08,1.35E-09
0,1,10,56280,5.62E-06,7.23E-06,0.000178533,8.42E-08,9.65E-08,1.25E-09
0,1,11,60928,8.43E-06,7.84E-06,0.000250373,8.18E-08,9.03E-08,1.42E-09
0,1,12,72626,6.35E-06,6.04E-06,0.000104239,7.15E-08,6.07E-08,9.84E-10
0,2,1,65852,1.57E-05,1.29E-05,0.000457232,1.76E-07,1.25E-07,1.66E-09
0,2,2,56919,1.84E-05,1.48E-05,0.000496195,1.83E-07,1.33E-07,1.81E-09
0,2,3,75385,1.25E-05,1.07E-05,0.000343287,1.52E-07,1.04E-07,1.36E-09
0,2,4,81543,1.20E-05,9.92E-06,0.000336347,1.37E-07,9.49E-08,1.27E-09
0,2,5,80392,1.16E-05,7.93E-06,0.000260537,9.30E-08,9.18E-08,1.23E-09
0,2,6,87478,1.10E-05,7.16E-06,0.00025011,8.07E-08,8.56E-08,1.12E-09
0,2,7,85999,1.15E-05,6.41E-06,0.000283838,6.04E-08,8.84E-08,8.72E-10
0,2,8,83805,1.16E-05,9.72E-06,0.0003178,1.27E-07,8.81E-08,1.19E-09
0,2,9,72697,1.34E-05,8.74E-06,0.000286405,9.74E-08,9.49E-08,1.27E-09
0,2,10,69104,1.41E-05,1.18E-05,0.000387761,1.61E-07,1.14E-07,1.52E-09
0,2,11,65640,1.47E-05,1.25E-05,0.000386599,1.71E-07,1.16E-07,1.51E-09
0,2,12,76458,1.34E-05,1.07E-05,0.00034821,1.40E-07,9.70E-08,1.31E-09
0,3,1,57081,3.63E-05,2.57E-05,0.00106957,4.55E-07,2.17E-07,2.62E-09
0,3,2,42583,4.96E-05,3.38E-05,0.00134057,6.02E-07,2.81E-07,3.34E-09
0,3,3,66332,2.83E-05,1.59E-05,0.000832681,1.25E-07,1.86E-07,2.17E-09
0,3,4,68123,4.43E-06,1.94E-05,0.000428382,3.08E-07,5.78E-08,2.17E-09
0,3,5,70252,2.75E-05,2.01E-05,0.000879768,3.34E-07,1.72E-07,2.13E-09
0,3,6,68182,2.76E-05,1.75E-05,0.00045189,2.03E-07,1.63E-07,1.92E-09
0,3,7,72195,2.78E-05,2.00E-05,0.000804461,3.44E-07,1.74E-07,2.05E-09
0,3,8,69501,2.84E-05,2.08E-05,0.000868354,3.43E-07,1.75E-07,2.14E-09
0,3,9,58354,3.42E-05,2.44E-05,0.00102451,4.18E-07,2.09E-07,2.53E-09
0,3,10,55339,3.49E-05,2.33E-05,0.000612999,2.84E-07,2.26E-07,2.75E-09
0,3,11,56859,3.32E-05,2.34E-05,0.000483952,3.72E-07,2.03E-07,2.62E-09
0,3,12,71307,2.44E-05,1.88E-05,0.000441034,2.78E-07,1.63E-07,2.07E-09
0,4,1,113350,4.87E-05,,0.00299628,5.42E-07,1.62E-07,2.07E-08
0,4,2,63328,9.78E-05,,0.00431977,8.21E-07,3.01E-07,3.85E-08
0,4,3,97667,4.03E-05,,0.00248875,6.22E-07,1.84E-07,1.66E-08
0,4,4,None,4.30E-05,,0.003592507143,1.36E-06,1.97E-06,1.35E-08
0,4,5,124123,3.68E-05,,0.0021964,4.58E-07,1.40E-07,1.52E-08
0,4,6,126160,3.70E-05,,0.00231482,4.47E-07,1.39E-07,1.54E-08
0,4,7,125343,3.67E-05,,0.00226818,4.55E-07,1.40E-07,1.52E-08
0,4,8,127372,3.34E-05,,0.00180813,4.37E-07,1.37E-07,1.30E-08
0,4,9,40457,0.000120275,,0.0125274,7.58E-06,1.33E-05,1.85E-08
0,4,10,None,4.30E-05,,0.003592507143,1.36E-06,1.97E-06,1.35E-08
0,4,11,42846,0.000116517,,0.0172599,7.25E-06,1.29E-05,2.25E-08
0,4,12,125303,3.42E-05,,0.00211547,4.48E-07,1.37E-07,1.39E-08
0,4,13,None,4.30E-05,,0.003592507143,1.36E-06,1.97E-06,1.35E-08
0,4,14,None,4.30E-05,,0.003592507143,1.36E-06,1.97E-06,1.35E-08
1,1,1,62950,9.45E-06,0.000162473,0.000429681,1.32E-08,1.54E-08,2.59E-09
1,1,2,48198,1.21E-05,0.000198217,0.000525727,1.76E-08,2.12E-08,3.55E-09
1,1,3,75151,7.62E-06,0.000136221,0.000357697,1.08E-08,1.22E-08,2.06E-09
1,1,4,27831,2.34E-05,0.000535271,0.00116252,5.24E-08,4.49E-08,1.47E-08
1,1,5,68204,8.42E-06,0.000149221,0.000391399,1.19E-08,1.35E-08,2.26E-09
1,1,6,75191,7.81E-06,0.000136697,0.000359194,1.04E-08,1.20E-08,2.05E-09
1,1,7,72464,8.08E-06,0.000138295,0.000365283,1.11E-08,1.26E-08,2.12E-09
1,1,8,72008,7.88E-06,0.000142125,0.000372982,1.13E-08,1.27E-08,2.16E-09
1,1,9,71900,8.03E-06,0.000140667,0.000370678,1.09E-08,1.26E-08,2.05E-09
1,1,10,71213,8.80E-06,0.000145924,0.00038445,1.14E-08,1.29E-08,2.19E-09
1,1,11,71335,8.44E-06,0.000144663,0.000379178,1.12E-08,1.25E-08,2.15E-09
1,1,12,76392,7.98E-06,0.000135395,0.000357242,1.08E-08,1.23E-08,2.08E-09
1,2,1,76055,1.04E-05,0.000161199,0.000584096,2.19E-08,2.15E-08,3.55E-09
1,2,2,63151,1.26E-05,0.00017916,0.00065179,2.65E-08,2.64E-08,4.34E-09
1,2,3,71408,1.04E-05,0.00016553,0.000596777,2.24E-08,2.23E-08,3.65E-09
1,2,4,50322,1.37E-05,1.85E-05,5.50E-05,3.45E-08,3.97E-08,8.76E-09
1,2,5,55960,1.25E-05,0.000250547,0.000910747,3.05E-08,2.97E-08,4.61E-09
1,2,6,75874,9.80E-06,0.000155238,0.000563715,2.06E-08,1.99E-08,3.26E-09
1,2,7,75575,9.79E-06,0.000151559,0.00055241,2.17E-08,2.10E-08,3.50E-09
1,2,8,72244,1.08E-05,0.000164732,0.000598734,2.21E-08,2.16E-08,3.53E-09
1,2,9,72730,1.07E-05,0.000156567,0.000566985,2.18E-08,2.17E-08,3.58E-09
1,2,10,67755,1.10E-05,0.000174981,0.000633205,2.30E-08,2.23E-08,3.69E-09
1,2,11,74297,1.03E-05,0.000161558,0.000586069,2.16E-08,2.12E-08,3.46E-09
1,2,12,75925,1.01E-05,0.000154764,0.000563981,2.11E-08,2.08E-08,3.40E-09
1,3,1,68251,2.22E-05,0.000245264,0.00126827,5.59E-08,4.85E-08,6.78E-09
1,3,2,66602,2.16E-05,0.000240873,0.00124646,5.77E-08,5.04E-08,6.92E-09
1,3,3,67929,2.10E-05,0.000239963,0.00124246,5.32E-08,4.73E-08,6.40E-09
1,3,4,43064,3.54E-05,0.000465677,0.00204626,1.20E-07,9.29E-08,1.70E-08
1,3,5,64833,2.24E-05,0.000249157,0.00128876,5.49E-08,4.90E-08,6.63E-09
1,3,6,71683,2.01E-05,0.000224214,0.00115695,5.02E-08,4.44E-08,6.06E-09
1,3,7,65584,2.17E-05,0.000241333,0.00125454,5.80E-08,5.02E-08,6.93E-09
1,3,8,69369,1.95E-05,1.50E-05,5.83E-05,3.96E-08,4.57E-08,6.20E-09
1,3,9,71163,1.96E-05,0.000223428,0.00116068,5.14E-08,4.48E-08,6.05E-09
1,3,10,65504,2.16E-05,0.000238315,0.0012318,5.45E-08,4.88E-08,6.59E-09
1,3,11,70497,2.03E-05,0.000227624,0.00117879,5.15E-08,4.56E-08,6.19E-09
1,3,12,70162,2.06E-05,0.000229234,0.00119297,5.26E-08,4.69E-08,6.35E-09
1,4,1,111801,4.54E-05,,0.00267164,5.52E-07,1.64E-07,1.94E-08
1,4,2,98055,4.64E-05,,0.00275702,6.31E-07,1.81E-07,2.01E-08
1,4,3,104997,4.17E-05,,0.00249741,5.59E-07,1.66E-07,1.72E-08
1,4,4,None,3.88E-05,,0.003711846571,1.22E-06,1.73E-06,1.29E-08
1,4,5,107643,4.36E-05,,0.00273947,5.54E-07,1.63E-07,1.80E-08
1,4,6,107699,4.12E-05,,0.00253953,6.08E-07,1.91E-07,1.72E-08
1,4,7,111481,4.07E-05,,0.00253233,5.40E-07,1.56E-07,1.70E-08
1,4,8,108364,4.09E-05,,0.00248938,5.69E-07,1.67E-07,1.66E-08
1,4,9,48538,0.000102646,,0.0185634,6.36E-06,1.16E-05,2.20E-08
1,4,10,None,3.88E-05,,0.003711846571,1.22E-06,1.73E-06,1.29E-08
1,4,11,49372,0.000104254,,0.0147882,6.18E-06,1.14E-05,1.95E-08
1,4,12,116508,3.66E-05,,0.000387472,4.93E-07,3.02E-08,1.42E-08
1,4,13,None,3.88E-05,,0.003711846571,1.22E-06,1.73E-06,1.29E-08
1,4,14,None,3.88E-05,,0.003711846571,1.22E-06,1.73E-06,1.29E-08
2,1,1,21831,3.92E-05,0.00246417,0.00161299,2.13E-08,2.41E-08,1.10E-08
2,1,2,17188,7.92E-05,0.00297202,0.00197606,3.63E-08,3.51E-08,2.17E-08
2,1,3,29819,2.85E-05,0.00186404,0.00121795,1.38E-08,1.66E-08,7.14E-09
2,1,4,16532,3.46E-05,0.00408519,0.00263786,2.49E-08,3.02E-08,1.15E-08
2,1,5,21996,3.33E-05,0.00319788,0.00207982,1.95E-08,2.48E-08,8.69E-09
2,1,6,36008,2.12E-05,0.00158785,0.00103466,1.16E-08,1.34E-08,5.64E-09
2,1,7,36060,2.17E-05,0.00162055,0.00105887,1.16E-08,1.37E-08,5.43E-09
2,1,8,34140,2.22E-05,0.00176923,0.001153,1.20E-08,1.43E-08,5.88E-09
2,1,9,25564,3.50E-05,0.0022775,0.00149297,1.73E-08,2.16E-08,9.16E-09
2,1,10,35594,2.04E-05,0.00160508,0.0010413,1.13E-08,1.38E-08,5.47E-09
2,1,11,34180,2.35E-05,0.00166828,0.00109037,1.21E-08,1.44E-08,5.85E-09
2,1,12,33198,2.53E-05,0.00171023,0.00111394,1.51E-08,1.62E-08,7.90E-09
2,2,1,44419,2.10E-05,0.00135349,0.00123681,1.95E-08,1.69E-08,8.78E-09
2,2,2,38764,2.49E-05,0.00155085,0.0014181,2.24E-08,1.91E-08,1.03E-08
2,2,3,49307,1.79E-05,0.00120885,0.00110153,1.61E-08,1.41E-08,7.30E-09
2,2,4,40921,2.63E-05,0.0015923,0.00145842,1.98E-08,1.90E-08,8.94E-09
2,2,5,35349,2.38E-05,0.00172005,0.00155972,2.23E-08,2.10E-08,1.01E-08
2,2,6,51315,1.63E-05,0.00125224,0.00114257,1.50E-08,1.37E-08,6.57E-09
2,2,8,52326,1.73E-05,0.00119057,0.00108704,1.48E-08,1.34E-08,6.49E-09
2,2,9,47994,1.91E-05,0.00126237,0.00115265,1.57E-08,1.41E-08,7.07E-09
2,2,10,46697,1.81E-05,0.0013092,0.00119223,1.72E-08,1.55E-08,7.64E-09
2,2,11,49395,1.74E-05,0.00122652,0.00112106,1.53E-08,1.40E-08,6.80E-09
2,2,12,52263,1.69E-05,0.00123594,0.00112968,1.51E-08,1.38E-08,6.68E-09
2,3,1,43437,3.55E-05,0.00176961,0.00234928,3.70E-08,3.12E-08,1.36E-08
2,3,2,29655,5.50E-05,0.00252562,0.00334449,5.44E-08,4.36E-08,2.05E-08
2,3,3,48161,3.14E-05,0.00158327,0.00209187,3.16E-08,2.69E-08,1.17E-08
2,3,4,39336,3.68E-05,0.00203131,0.00267111,4.04E-08,3.31E-08,1.46E-08
2,3,5,41241,3.59E-05,0.00178177,0.00234735,3.39E-08,2.93E-08,1.24E-08
2,3,6,48668,2.97E-05,0.00148055,0.00195787,3.24E-08,2.70E-08,1.19E-08
2,3,7,50192,3.03E-05,0.00147693,0.00196181,3.08E-08,2.59E-08,1.11E-08
2,3,8,46174,3.11E-05,0.00159975,0.00211125,3.35E-08,2.84E-08,1.24E-08
2,3,9,48314,3.11E-05,0.00154106,0.00203073,3.11E-08,2.64E-08,1.17E-08
2,3,10,48908,3.04E-05,0.00150883,0.00198576,3.10E-08,2.62E-08,1.16E-08
2,3,11,50614,2.98E-05,0.00148136,0.00196505,3.05E-08,2.56E-08,1.10E-08
2,3,12,46252,9.74E-06,0.0017071,0.00226765,3.32E-08,2.88E-08,1.20E-08
2,4,1,90446,6.17E-05,,0.00364252,7.15E-07,2.24E-07,2.48E-08
2,4,2,65636,0.000101346,,0.00581738,1.00E-06,3.15E-07,3.84E-08
2,4,3,69593,5.97E-05,,0.00365331,9.24E-07,2.94E-07,2.36E-08
2,4,4,None,5.48E-05,,0.004009366571,1.63E-06,2.36E-06,1.78E-08
2,4,5,91078,5.63E-05,,0.0035061,6.99E-07,2.13E-07,2.35E-08
2,4,6,96504,5.27E-05,,0.00325583,6.52E-07,2.01E-07,2.17E-08
2,4,7,93880,5.37E-05,,0.0033224,6.80E-07,2.07E-07,2.22E-08
2,4,8,96057,4.99E-05,,0.00302181,6.53E-07,1.97E-07,2.01E-08
2,4,9,38574,0.000144869,,0.0259628,8.73E-06,1.63E-05,2.99E-08
2,4,10,None,5.48E-05,,0.004009366571,1.63E-06,2.36E-06,1.78E-08
2,4,11,40953,0.000137765,,0.00353297,8.08E-06,1.50E-05,2.49E-08
2,4,12,95265,4.97E-05,,0.000416012,6.60E-07,4.75E-08,1.97E-08
2,4,13,None,5.48E-05,,0.004009366571,1.63E-06,2.36E-06,1.78E-08
2,4,14,None,5.48E-05,,0.004009366571,1.63E-06,2.36E-06,1.78E-08
-2,1,1,42350,1.65E-05,0.00132331,0.000860802,9.12E-09,1.07E-08,4.38E-09
-2,1,2,21527,3.40E-05,0.00249101,0.00162783,1.77E-08,2.12E-08,8.94E-09
-2,1,3,29513,3.06E-05,0.00191447,0.00125492,1.27E-08,1.55E-08,6.22E-09
-2,1,4,43675,1.58E-05,0.00132795,0.000860301,8.86E-09,1.06E-08,4.12E-09
-2,1,5,43097,1.88E-05,0.00133149,0.000867672,8.90E-09,1.06E-08,4.22E-09
-2,1,6,38262,2.28E-05,0.00148362,0.000971552,1.09E-08,1.23E-08,5.51E-09
-2,1,7,47607,1.53E-05,0.00120893,0.000788528,8.59E-09,1.01E-08,4.10E-09
-2,1,8,50765,1.45E-05,0.0011179,0.000728675,7.69E-09,9.14E-09,3.83E-09
-2,1,9,34061,2.08E-05,0.00170037,0.00111044,1.12E-08,1.32E-08,5.05E-09
-2,1,10,25961,2.86E-05,0.0023318,0.00152009,1.44E-08,1.72E-08,6.47E-09
-2,1,11,28543,3.07E-05,0.0021789,0.00143009,1.37E-08,1.70E-08,5.92E-09
-2,1,12,44282,1.71E-05,0.00131663,0.000858115,9.07E-09,1.07E-08,4.27E-09
-2,2,1,71196,1.27E-05,0.000838027,0.000766698,1.08E-08,9.73E-09,4.86E-09
-2,2,2,60576,1.76E-05,0.00101904,0.000939691,1.37E-08,1.25E-08,6.22E-09
-2,2,3,59914,1.56E-05,0.000970114,0.000879536,1.40E-08,1.23E-08,6.56E-09
-2,2,4,56693,1.45E-05,0.00110211,0.00100192,1.35E-08,1.23E-08,5.94E-09
-2,2,5,69330,1.26E-05,0.000845681,0.000771404,1.15E-08,9.96E-09,5.15E-09
-2,2,6,71210,1.24E-05,0.000860861,0.000786762,1.11E-08,9.92E-09,4.92E-09
-2,2,7,74817,1.21E-05,0.000809645,0.000740334,1.03E-08,9.17E-09,4.56E-09
-2,2,8,73221,1.22E-05,0.00084046,0.000770166,1.05E-08,9.45E-09,4.63E-09
-2,2,9,54922,1.80E-05,0.000992081,0.000910018,1.37E-08,1.22E-08,6.37E-09
-2,2,10,45555,2.33E-05,0.00128286,0.00118199,1.83E-08,1.69E-08,8.63E-09
-2,2,11,44093,2.15E-05,0.00129039,0.00118286,1.87E-08,1.66E-08,8.86E-09
-2,2,12,64903,1.26E-05,1.81E-05,1.67E-05,9.18E-09,1.12E-08,5.39E-09
-2,3,1,73063,2.09E-05,0.00100952,0.00133182,2.10E-08,1.79E-08,7.80E-09
-2,3,2,66009,2.27E-05,0.00118482,0.00156895,2.42E-08,2.11E-08,9.05E-09
-2,3,3,66655,2.24E-05,0.00107856,0.001422,2.24E-08,1.92E-08,8.44E-09
-2,3,4,68425,2.20E-05,0.00106521,0.00139981,2.19E-08,1.88E-08,8.29E-09
-2,3,5,70334,2.17E-05,0.00105453,0.00139541,2.16E-08,1.85E-08,8.00E-09
-2,3,6,73466,2.12E-05,0.00101468,0.0013418,2.06E-08,1.77E-08,7.65E-09
-2,3,7,71561,2.13E-05,0.00102313,0.00135117,2.12E-08,1.81E-08,7.86E-09
-2,3,8,64542,2.39E-05,0.00113933,0.00151209,2.36E-08,2.05E-08,8.89E-09
-2,3,9,58519,2.58E-05,0.00122366,0.00162202,2.62E-08,2.21E-08,9.85E-09
-2,3,10,56580,2.69E-05,0.00133739,0.00177127,2.76E-08,2.40E-08,1.04E-08
-2,3,11,58922,2.66E-05,0.00131459,0.00174442,2.67E-08,2.32E-08,9.85E-09
-2,3,12,69478,2.18E-05,0.00109595,0.0014512,2.21E-08,1.96E-08,8.40E-09
-2,4,1,130834,3.98E-05,0.01,0.00250172,4.84E-07,1.49E-07,1.66E-08
-2,4,2,126409,3.58E-05,0.01,0.00019756,5.10E-07,4.25E-08,1.85E-08
-2,4,3,112476,4.22E-05,0.01,0.00274128,5.96E-07,1.82E-07,1.74E-08
-2,4,4,None,3.71E-05,0.01,0.0034578725,1.25E-06,1.81E-06,1.21E-08
-2,4,5,130009,3.43E-05,0.01,0.000221325,4.91E-07,4.17E-08,1.56E-08
-2,4,6,133591,3.73E-05,0.01,0.0021914,4.73E-07,1.45E-07,1.54E-08
-2,4,7,132510,3.75E-05,0.01,0.00217959,4.73E-07,1.47E-07,1.53E-08
-2,4,8,134540,3.55E-05,0.01,0.00189721,4.71E-07,1.45E-07,1.36E-08
-2,4,9,49730,0.000113821,0.01,0.0169441,7.01E-06,1.25E-05,2.13E-08
-2,4,10,None,3.71E-05,0.01,0.0034578725,1.25E-06,1.81E-06,1.21E-08
-2,4,11,52617,0.000107382,0.01,0.0173022,6.50E-06,1.18E-05,2.14E-08
-2,4,12,132308,3.61E-05,0.01,0.00223383,4.68E-07,1.44E-07,1.46E-08
-2,4,13,None,3.71E-05,0.01,0.0034578725,1.25E-06,1.81E-06,1.21E-08
-2,4,14,None,3.71E-05,0.01,0.0034578725,1.25E-06,1.81E-06,1.21E-08
-1,1,1,84967,6.83E-06,0.000115431,0.000305828,9.43E-09,1.10E-08,1.89E-09
-1,1,2,83969,5.98E-06,0.000122112,0.000320189,9.59E-09,1.13E-08,1.81E-09
-1,1,3,67515,8.30E-06,0.000187226,0.000418892,1.55E-08,1.56E-08,3.80E-09
-1,1,4,99745,5.59E-06,9.79E-05,0.000257753,7.97E-09,9.27E-09,1.54E-09
-1,1,5,98637,5.71E-06,9.73E-05,0.000255646,7.95E-09,9.23E-09,1.53E-09
-1,1,6,95029,5.92E-06,0.00010632,0.000279503,8.53E-09,9.79E-09,1.65E-09
-1,1,7,96874,5.74E-06,0.000101559,0.000267474,8.19E-09,9.56E-09,1.59E-09
-1,1,8,98547,5.53E-06,0.000100775,0.000265921,8.14E-09,9.36E-09,1.56E-09
-1,1,9,86415,6.53E-06,0.000114963,0.000304849,8.97E-09,1.06E-08,1.74E-09
-1,1,10,84883,6.13E-06,0.000116846,0.000309026,9.53E-09,1.11E-08,1.81E-09
-1,1,11,86293,6.29E-06,0.000110389,0.000290772,8.75E-09,1.04E-08,1.69E-09
-1,1,12,90922,6.16E-06,0.000107015,0.000282795,8.63E-09,1.00E-08,1.67E-09
-1,2,1,98215,7.91E-06,0.000119127,0.000434957,1.63E-08,1.63E-08,2.64E-09
-1,2,2,98498,8.33E-06,0.000119236,0.000436319,1.62E-08,1.66E-08,2.66E-09
-1,2,3,63633,1.22E-05,0.000239699,0.000740296,3.39E-08,3.08E-08,6.74E-09
-1,2,4,97448,7.89E-06,0.000117082,0.000427142,1.56E-08,1.56E-08,2.50E-09
-1,2,5,105165,7.22E-06,0.000108508,0.000397841,1.48E-08,1.45E-08,2.35E-09
-1,2,6,101802,7.49E-06,0.000116037,0.00042557,1.57E-08,1.58E-08,2.51E-09
-1,2,7,104770,7.41E-06,0.000111031,0.00040596,1.52E-08,1.51E-08,2.45E-09
-1,2,8,106045,7.30E-06,0.000110244,0.000400406,1.50E-08,1.47E-08,2.44E-09
-1,2,9,93004,9.07E-06,0.000130283,0.00047766,1.74E-08,1.73E-08,2.82E-09
-1,2,10,99913,7.67E-06,0.000115642,0.000422532,1.59E-08,1.59E-08,2.58E-09
-1,2,11,96468,7.81E-06,0.000121821,0.000443605,1.68E-08,1.67E-08,2.73E-09
-1,2,12,97242,7.78E-06,0.000117835,0.000431916,1.65E-08,1.69E-08,2.71E-09
-1,3,1,98459,1.52E-05,0.000166634,0.000868006,3.74E-08,3.28E-08,4.52E-09
-1,3,2,89886,1.58E-05,0.000180798,0.000932609,4.09E-08,3.72E-08,4.94E-09
-1,3,3,67307,2.31E-05,0.000290355,0.00129176,7.28E-08,5.88E-08,1.05E-08
-1,3,4,96274,1.53E-05,0.000165666,0.000859179,3.70E-08,3.30E-08,4.49E-09
-1,3,5,97252,1.50E-05,0.000163067,0.000845832,3.69E-08,3.24E-08,4.42E-09
-1,3,6,98937,1.51E-05,0.000163387,0.000848367,3.63E-08,3.21E-08,4.38E-09
-1,3,7,84909,1.94E-05,0.000199816,0.00105209,4.31E-08,3.86E-08,5.21E-09
-1,3,8,95833,1.52E-05,0.00016886,0.000884209,3.79E-08,3.37E-08,4.54E-09
-1,3,9,87509,1.72E-05,0.00018044,0.000940095,4.18E-08,3.66E-08,5.05E-09
-1,3,10,36766,7.38E-05,0.000322874,0.00333243,7.08E-07,3.07E-07,3.75E-08
-1,3,11,91589,1.67E-05,0.000176975,0.000922799,3.94E-08,3.46E-08,4.78E-09
-1,3,12,92576,1.56E-05,0.000177558,0.000929975,3.88E-08,3.57E-08,4.71E-09
-1,4,1,153545,2.96E-05,0.01,0.00187598,3.82E-07,1.14E-07,1.24E-08
-1,4,2,153062,3.23E-05,0.01,0.00203697,3.91E-07,1.17E-07,1.36E-08
-1,4,3,95563,4.56E-05,0.01,0.00293314,1.06E-06,1.80E-07,3.26E-08
-1,4,4,None,3.01E-05,0.01,0.003051120714,1.04E-06,1.44E-06,1.08E-08
-1,4,5,153020,2.91E-05,0.01,0.00172449,3.92E-07,1.14E-07,1.21E-08
-1,4,6,155727,2.87E-05,0.01,0.00169693,3.90E-07,1.12E-07,1.19E-08
-1,4,7,155011,2.87E-05,0.01,0.00169861,3.84E-07,1.13E-07,1.19E-08
-1,4,8,161007,2.61E-05,0.01,0.0014113,3.69E-07,1.09E-07,1.01E-08
-1,4,9,56427,9.18E-05,0.01,0.0132961,5.69E-06,9.95E-06,1.78E-08
-1,4,10,None,3.01E-05,0.01,0.003051120714,1.04E-06,1.44E-06,1.08E-08
-1,4,11,60350,8.21E-05,0.01,0.0143259,5.14E-06,9.30E-06,1.72E-08
-1,4,12,154025,2.77E-05,0.01,0.00171627,3.68E-07,1.10E-07,1.13E-08
-1,4,13,None,3.01E-05,0.01,0.003051120714,1.04E-06,1.44E-06,1.08E-08
-1,4,14,None,3.01E-05,0.01,0.003051120714,1.04E-06,1.44E-06,1.08E-08
0,1,1,82229,6.20E-06,5.87E-06,0.000181772,6.85E-08,7.03E-08,1.03E-09
0,1,2,53184,1.02E-05,9.10E-06,0.00024288,1.12E-07,9.28E-08,1.40E-09
0,1,3,102651,4.76E-06,4.54E-06,0.000139496,5.04E-08,5.38E-08,7.95E-10
0,1,4,100479,4.70E-06,4.67E-06,0.000132048,5.22E-08,5.43E-08,8.06E-10
0,1,5,103504,4.67E-06,4.45E-06,0.000135903,5.07E-08,5.34E-08,8.06E-10
0,1,6,107688,2.18E-06,4.17E-06,9.97E-05,4.91E-08,4.95E-08,7.26E-10
0,1,7,104933,4.75E-06,2.48E-06,0.000137212,2.32E-08,5.31E-08,5.67E-10
0,1,8,107086,3.82E-06,4.09E-06,7.67E-05,4.76E-08,5.04E-08,6.42E-10
0,1,9,79932,6.27E-06,6.00E-06,0.000188576,6.60E-08,7.66E-08,1.08E-09
0,1,10,81898,5.78E-06,3.82E-06,0.000148724,3.55E-08,6.14E-08,7.49E-10
0,1,11,87502,5.72E-06,5.39E-06,8.02E-05,5.69E-08,4.05E-08,9.74E-10
0,1,12,107572,4.53E-06,4.06E-06,8.39E-05,4.96E-08,3.36E-08,6.84E-10
0,2,1,91914,1.12E-05,9.03E-06,0.000322547,1.26E-07,8.76E-08,1.17E-09
0,2,2,71658,1.53E-05,1.23E-05,0.000432804,1.47E-07,1.11E-07,1.52E-09
0,2,3,99713,9.51E-06,8.15E-06,0.000241996,1.12E-07,7.98E-08,8.39E-10
0,2,4,111656,8.60E-06,7.17E-06,0.000242789,9.93E-08,6.86E-08,9.13E-10
0,2,5,109981,8.20E-06,4.91E-06,0.000129982,4.27E-08,6.62E-08,8.71E-10
0,2,6,116861,8.05E-06,4.57E-06,0.000124119,4.18E-08,5.76E-08,8.33E-10
0,2,7,116699,8.19E-06,6.36E-06,0.000136011,8.43E-08,6.37E-08,8.49E-10
0,2,8,114265,8.50E-06,4.70E-06,0.00023388,3.72E-08,6.49E-08,8.02E-10
0,2,9,88708,1.17E-05,8.92E-06,0.000296135,1.13E-07,7.74E-08,1.05E-09
0,2,10,93711,1.03E-05,8.59E-06,0.000285184,1.19E-07,8.39E-08,1.11E-09
0,2,11,81010,1.21E-05,9.99E-06,0.000208127,1.33E-07,9.29E-08,1.19E-09
0,2,12,105416,9.63E-06,5.39E-06,0.000231902,5.04E-08,6.97E-08,8.74E-10
0,3,1,78075,2.53E-05,1.70E-05,0.000389697,2.44E-07,1.57E-07,1.88E-09
0,3,2,51903,4.21E-05,2.84E-05,0.00114851,5.16E-07,2.36E-07,2.77E-09
0,3,3,90208,2.15E-05,1.58E-05,0.000634514,2.69E-07,1.37E-07,1.65E-09
0,3,4,94899,2.03E-05,1.51E-05,0.000632397,2.55E-07,1.28E-07,1.58E-09
0,3,5,95309,1.17E-05,1.33E-05,0.000603321,1.76E-07,6.71E-08,1.55E-09
0,3,6,92876,2.09E-05,1.52E-05,0.000610927,2.60E-07,1.29E-07,1.57E-09
0,3,7,97555,2.05E-05,1.47E-05,0.000589484,2.53E-07,1.27E-07,1.51E-09
0,3,8,94617,2.09E-05,1.54E-05,0.000637525,2.54E-07,1.29E-07,1.58E-09
0,3,9,70726,2.86E-05,2.01E-05,0.000855533,3.32E-07,1.71E-07,2.06E-09
0,3,10,75448,2.60E-05,1.91E-05,0.000774284,3.41E-07,1.67E-07,2.01E-09
0,3,11,76023,2.65E-05,1.83E-05,0.000792564,3.27E-07,1.64E-07,1.97E-09
0,3,12,98488,1.96E-05,1.02E-05,0.000616918,6.11E-08,1.22E-07,1.41E-09
0,4,1,156911,3.46E-05,0.01,0.00211361,3.84E-07,1.15E-07,1.47E-08
0,4,2,87593,7.72E-05,0.01,0.00347937,6.43E-07,2.18E-07,3.14E-08
0,4,3,130504,2.77E-05,0.01,0.00023679,4.83E-07,4.86E-08,1.21E-08
0,4,4,None,3.35E-05,0.01,0.002387420857,1.13E-06,1.64E-06,1.07E-08
0,4,5,169196,2.37E-05,0.01,0.000212272,3.21E-07,3.36E-08,1.08E-08
0,4,6,172423,2.69E-05,0.01,0.00167995,3.24E-07,1.00E-07,1.12E-08
0,4,7,171043,2.72E-05,0.01,0.00168513,3.35E-07,1.03E-07,1.13E-08
0,4,8,173712,2.47E-05,0.01,0.00133194,3.26E-07,1.01E-07,9.74E-09
0,4,9,46110,0.000107217,0.01,0.00703136,6.81E-06,1.17E-05,2.02E-08
0,4,10,None,3.35E-05,0.01,0.002387420857,1.13E-06,1.64E-06,1.07E-08
0,4,11,53210,9.54E-05,0.01,0.0141442,5.87E-06,1.05E-05,1.83E-08
0,4,12,173190,2.44E-05,0.01,0.00150927,3.19E-07,9.81E-08,9.85E-09
0,4,13,None,3.35E-05,0.01,0.002387420857,1.13E-06,1.64E-06,1.07E-08
0,4,14,None,3.35E-05,0.01,0.002387420857,1.13E-06,1.64E-06,1.07E-08
1,1,1,47004,2.93E-05,0.000173093,0.000523735,3.63E-08,4.52E-08,9.05E-09
1,1,2,53843,1.30E-05,0.000173955,0.000466523,1.79E-08,2.19E-08,3.88E-09
1,1,3,97316,5.82E-06,0.000101842,0.000267723,8.11E-09,9.35E-09,1.56E-09
1,1,4,36892,2.22E-05,0.000446911,0.000984907,4.00E-08,3.41E-08,1.08E-08
1,1,5,93306,6.31E-06,0.000107107,0.000281769,8.61E-09,9.99E-09,1.67E-09
1,1,6,101804,5.87E-06,9.82E-05,0.000259055,7.84E-09,9.03E-09,1.52E-09
1,1,7,98112,6.06E-06,0.000102611,0.000271235,8.25E-09,9.50E-09,1.60E-09
1,1,8,96711,5.80E-06,0.000102829,0.000269741,8.30E-09,9.62E-09,1.60E-09
1,1,9,89711,6.88E-06,0.000112565,0.000299215,8.68E-09,1.07E-08,1.70E-09
1,1,10,96715,6.34E-06,0.000103631,0.000273652,8.18E-09,9.38E-09,1.57E-09
1,1,11,95210,6.24E-06,0.000104747,0.000274641,8.32E-09,9.49E-09,1.61E-09
1,1,12,101815,5.97E-06,9.85E-05,0.000259879,7.95E-09,9.18E-09,1.54E-09
1,2,1,105957,7.31E-06,0.000113422,0.000411066,1.58E-08,1.56E-08,2.56E-09
1,2,2,80298,1.06E-05,0.000142134,0.000518847,2.25E-08,2.27E-08,3.77E-09
1,2,3,97450,7.47E-06,0.000119887,0.000432133,1.66E-08,1.68E-08,2.70E-09
1,2,4,72241,1.10E-05,0.000211096,0.000652403,3.04E-08,2.76E-08,6.09E-09
1,2,5,88609,7.93E-06,0.000134544,0.000483734,1.82E-08,1.75E-08,2.89E-09
1,2,6,104523,7.05E-06,0.000111803,0.000405909,1.51E-08,1.49E-08,2.42E-09
1,2,7,103294,7.11E-06,0.000110013,0.00040138,1.59E-08,1.55E-08,2.55E-09
1,2,8,99384,7.67E-06,0.000117859,0.000427554,1.63E-08,1.60E-08,2.60E-09
1,2,9,94670,7.99E-06,0.000118868,0.000430056,1.74E-08,1.72E-08,2.87E-09
1,2,10,86078,7.85E-06,0.000160301,0.000588267,1.96E-08,2.02E-08,2.98E-09
1,2,11,102478,7.20E-06,0.000115693,0.000419535,1.58E-08,1.57E-08,2.55E-09
1,2,12,102731,7.20E-06,0.000112048,0.000407598,1.56E-08,1.55E-08,2.52E-09
1,3,1,93912,1.59E-05,0.000176472,0.00090942,4.07E-08,3.52E-08,4.90E-09
1,3,2,83128,1.82E-05,0.00019746,0.00101682,4.92E-08,4.20E-08,5.90E-09
1,3,3,93246,1.54E-05,0.000176264,0.000912647,3.89E-08,3.46E-08,4.65E-09
1,3,4,61051,2.48E-05,0.000326403,0.00143042,8.47E-08,6.56E-08,1.20E-08
1,3,5,89632,1.60E-05,0.000179097,0.000925024,3.92E-08,3.47E-08,4.74E-09
1,3,6,98570,1.45E-05,0.000161311,0.000830893,3.60E-08,3.18E-08,4.36E-09
1,3,7,90513,1.57E-05,0.000174705,0.000906964,4.19E-08,3.62E-08,5.02E-09
1,3,8,94830,1.50E-05,0.000167641,0.000864665,3.76E-08,3.31E-08,4.53E-09
1,3,9,94762,1.51E-05,0.000171268,0.000890692,3.85E-08,3.39E-08,4.61E-09
1,3,10,90682,1.55E-05,0.000169891,0.000876828,3.84E-08,3.45E-08,4.68E-09
1,3,11,96900,1.48E-05,0.000166533,0.000861617,3.73E-08,3.28E-08,4.47E-09
1,3,12,97129,1.48E-05,0.000163767,0.000850808,3.73E-08,3.30E-08,4.47E-09
1,4,1,152301,3.27E-05,0.01,0.00190597,3.97E-07,1.18E-07,1.40E-08
1,4,2,134218,3.86E-05,0.01,0.0022737,4.75E-07,1.37E-07,1.69E-08
1,4,3,137794,3.07E-05,0.01,0.00185763,4.37E-07,1.28E-07,1.26E-08
1,4,4,None,2.96E-05,0.01,0.002543496429,1.01E-06,1.46E-06,9.79E-09
1,4,5,148623,3.19E-05,0.01,0.00200582,4.04E-07,1.18E-07,1.33E-08
1,4,6,148062,2.96E-05,0.01,0.00182623,4.34E-07,1.38E-07,1.23E-08
1,4,7,153735,2.97E-05,0.01,0.00184404,3.94E-07,1.14E-07,1.24E-08
1,4,8,153658,2.85E-05,0.01,0.00173709,3.91E-07,1.14E-07,1.17E-08
1,4,9,51531,9.11E-05,0.01,0.0183156,6.43E-06,1.13E-05,2.06E-08
1,4,10,None,2.96E-05,0.01,0.002543496429,1.01E-06,1.46E-06,9.79E-09
1,4,11,68575,7.56E-05,0.01,0.00242873,4.46E-06,8.23E-06,1.29E-08
1,4,12,160239,2.63E-05,0.01,0.00141414,3.55E-07,1.06E-07,1.02E-08
1,4,13,None,2.96E-05,0.01,0.002543496429,1.01E-06,1.46E-06,9.79E-09
1,4,14,None,2.96E-05,0.01,0.002543496429,1.01E-06,1.46E-06,9.79E-09
2,1,1,28167,3.03E-05,0.00194724,0.00127443,1.60E-08,1.82E-08,8.46E-09
2,1,2,14438,9.96E-05,0.00329269,0.0022038,4.81E-08,4.20E-08,2.81E-08
2,1,3,39768,2.14E-05,0.00138686,0.000905287,1.05E-08,1.25E-08,5.37E-09
2,1,4,24155,2.31E-05,0.00278075,0.00179315,1.70E-08,2.13E-08,7.69E-09
2,1,5,41299,2.13E-05,0.00146275,0.000954357,9.99E-09,1.21E-08,4.76E-09
2,1,6,47714,1.59E-05,0.00121008,0.000787727,8.69E-09,1.02E-08,4.22E-09
2,1,7,48492,1.67E-05,0.00125469,0.000820111,8.62E-09,1.03E-08,4.09E-09
2,1,8,35394,1.97E-05,0.00162418,0.00105675,1.10E-08,1.31E-08,5.21E-09
2,1,9,26931,3.78E-05,0.00211854,0.00140222,1.60E-08,2.11E-08,8.52E-09
2,1,10,48232,1.54E-05,0.00120799,0.000783497,8.30E-09,1.01E-08,4.11E-09
2,1,11,38963,1.92E-05,0.00135262,0.000879178,9.70E-09,1.16E-08,4.85E-09
2,1,12,45157,1.87E-05,0.0012856,0.000836747,1.11E-08,1.20E-08,5.82E-09
2,2,1,59466,1.58E-05,0.00101411,0.000927162,1.43E-08,1.24E-08,6.43E-09
2,2,2,42175,2.53E-05,0.00143115,0.00131343,2.15E-08,1.84E-08,9.76E-09
2,2,3,66994,1.29E-05,0.00089862,0.000818878,1.17E-08,1.05E-08,5.30E-09
2,2,4,57881,1.81E-05,0.00112599,0.00102951,1.39E-08,1.33E-08,6.37E-09
2,2,5,49564,1.71E-05,0.00126028,0.00114266,1.58E-08,1.51E-08,7.22E-09
2,2,6,69649,1.20E-05,0.000902959,0.000823112,1.09E-08,1.00E-08,4.77E-09
2,2,8,67394,1.41E-05,0.000937642,0.000857594,1.17E-08,1.08E-08,5.18E-09
2,2,9,57341,1.59E-05,0.00103184,0.000940572,1.42E-08,1.24E-08,6.35E-09
2,2,10,64905,1.30E-05,0.000955353,0.000870055,1.23E-08,1.12E-08,5.55E-09
2,2,11,67233,1.27E-05,0.000905224,0.000827286,1.13E-08,1.03E-08,5.01E-09
2,2,12,71945,1.21E-05,0.000888112,0.000811253,1.09E-08,9.87E-09,4.79E-09
2,3,1,57930,2.60E-05,0.00130535,0.00173341,2.71E-08,2.31E-08,1.00E-08
2,3,2,29638,5.62E-05,0.00264324,0.00350375,5.79E-08,4.57E-08,2.12E-08
2,3,3,65824,2.25E-05,0.00113682,0.0015011,2.32E-08,1.98E-08,8.49E-09
2,3,4,55752,2.56E-05,0.00136595,0.00179455,2.76E-08,2.31E-08,1.00E-08
2,3,5,58431,2.54E-05,0.00124576,0.00164089,2.44E-08,2.12E-08,8.98E-09
2,3,6,65680,2.22E-05,0.00108801,0.00143961,2.40E-08,2.03E-08,8.95E-09
2,3,7,69335,2.21E-05,0.00107427,0.00142879,2.20E-08,1.92E-08,8.32E-09
2,3,8,61400,2.35E-05,0.00118716,0.00156731,2.50E-08,2.15E-08,9.42E-09
2,3,9,60085,2.60E-05,0.00124752,0.0016447,2.56E-08,2.16E-08,9.59E-09
2,3,10,65925,2.24E-05,0.00110025,0.00144761,2.31E-08,1.96E-08,8.65E-09
2,3,11,70072,2.12E-05,0.00106478,0.00141346,2.16E-08,1.84E-08,7.90E-09
2,3,12,61939,2.34E-05,0.00123612,0.00164081,2.46E-08,2.15E-08,9.09E-09
2,4,1,125007,4.45E-05,0.01,0.00260893,5.08E-07,1.59E-07,1.80E-08
2,4,2,72456,0.000114046,0.01,0.00642106,9.27E-07,3.02E-07,4.01E-08
2,4,3,87868,4.45E-05,0.01,0.00276769,7.72E-07,2.46E-07,1.72E-08
2,4,4,None,4.47E-05,0.01,0.003761141429,1.30E-06,1.95E-06,1.42E-08
2,4,5,124569,4.16E-05,0.01,0.00259814,5.13E-07,1.58E-07,1.72E-08
2,4,6,132460,3.86E-05,0.01,0.00239096,4.78E-07,1.46E-07,1.60E-08
2,4,7,130028,3.96E-05,0.01,0.00243108,4.98E-07,1.51E-07,1.64E-08
2,4,8,128984,3.69E-05,0.01,0.00222979,4.88E-07,1.49E-07,1.48E-08
2,4,9,42614,0.000134074,0.01,0.0254827,7.75E-06,1.49E-05,2.77E-08
2,4,10,None,4.47E-05,0.01,0.003761141429,1.30E-06,1.95E-06,1.42E-08
2,4,11,57276,9.70E-05,0.01,0.00364825,5.80E-06,1.10E-05,1.74E-08
2,4,12,132174,3.57E-05,0.01,0.00207738,4.75E-07,1.51E-07,1.41E-08
2,4,13,None,4.47E-05,0.01,0.003761141429,1.30E-06,1.95E-06,1.42E-08
2,4,14,None,4.47E-05,0.01,0.003761141429,1.30E-06,1.95E-06,1.42E-08